当前排名,位置,球员,球队,伤病状态,年龄,持有率%,持有率变化,ADP,ADP轮次,平均身价$,被选中率,季前ADP,上季排名,上季_出场,上季_首发,上季_场均分钟,上季_得分,上季_篮板,上季_助攻,上季_三分,上季_抢断,上季_盖帽,上季_失误,上季_犯规,上季_FG%,上季_FT%,上季_3P%,上季_投篮命中,上季_投篮出手,上季_罚球命中,上季_罚球出手,上季_三分出手,上季_前场板,上季_后场板,上季_两双,上季_三双,上季_总得分,上季_总篮板,上季_总助攻,player_key
1.0,C,Nikola Jokić,DEN,,,100.0,0.0,1.6,1.0,81.6,1.0,1.6,1.0,65.0,,34.8,27.68,12.86,10.72,1.72,1.42,0.82,3.74,2.66,0.569,0.831,0.38,9.91,17.42,6.14,7.38,4.54,2.95,9.91,55.0,34.0,1799.0,836.0,697.0,478.p.5352
2.0,C,Victor Wembanyama,SAS,,,100.0,0.0,1.8,1.0,79.3,1.0,1.8,2.0,64.0,,29.2,25.0,11.5,3.11,1.91,1.03,3.08,2.42,2.44,0.512,0.827,0.349,8.64,16.88,5.81,7.03,5.47,2.03,9.47,42.0,1.0,1600.0,736.0,199.0,478.p.10094
3.0,PG/SG,Luka Dončić,LAL,,,100.0,0.0,3.4,1.0,73.1,1.0,3.4,3.0,64.0,,35.8,33.48,7.73,8.28,3.97,1.64,0.53,3.98,2.39,0.476,0.78,0.366,10.83,22.77,7.86,10.08,10.84,0.64,7.09,34.0,8.0,2143.0,495.0,530.0,478.p.6014
4.0,PG,Shai Gilgeous-Alexander,OKC,,,100.0,0.0,4.0,1.0,67.0,1.0,4.0,4.0,68.0,,33.2,31.13,4.29,6.59,1.69,1.4,0.76,2.22,2.04,0.553,0.879,0.386,10.75,19.43,7.94,9.03,4.38,0.56,3.74,8.0,0.0,2117.0,292.0,448.0,478.p.6022
5.0,PG/SG,Cade Cunningham,DET,,,100.0,0.0,6.0,1.0,63.1,1.0,6.0,5.0,64.0,,33.9,23.92,5.55,9.91,1.95,1.44,0.84,3.69,3.06,0.461,0.812,0.342,8.56,18.58,4.84,5.97,5.72,0.88,4.67,38.0,3.0,1531.0,355.0,634.0,478.p.6512
6.0,C/PF,Giannis Antetokounmpo,MIA,,,100.0,0.0,6.6,1.0,60.8,1.0,6.6,6.0,36.0,,28.9,27.58,9.78,5.44,0.42,0.94,0.67,3.19,2.39,0.624,0.65,0.333,10.36,16.61,6.44,9.92,1.25,2.72,7.06,19.0,0.0,993.0,352.0,196.0,478.p.5185
7.0,PF/SF,Jayson Tatum,BOS,Q,,100.0,0.0,8.6,1.1,51.2,1.0,8.6,7.0,16.0,,32.6,21.75,10.0,5.31,2.94,1.38,0.19,2.44,1.62,0.411,0.823,0.329,7.38,17.94,4.06,4.94,8.94,0.5,9.5,10.0,1.0,348.0,160.0,85.0,478.p.5765
8.0,PG,Tyrese Maxey,PHI,,,100.0,0.0,9.6,1.3,55.1,1.0,9.6,8.0,70.0,,38.0,28.29,4.14,6.59,3.14,1.86,0.79,2.44,2.16,0.462,0.892,0.367,9.91,21.44,5.31,5.96,8.56,0.34,3.8,7.0,0.0,1980.0,290.0,461.0,478.p.6413
9.0,PG/SG,Anthony Edwards,MIN,,,100.0,0.0,7.6,1.1,59.1,1.0,7.6,9.0,61.0,,35.0,28.8,4.95,3.7,3.36,1.36,0.8,2.85,1.93,0.489,0.796,0.399,9.87,20.18,5.7,7.16,8.43,0.59,4.36,2.0,0.0,1757.0,302.0,226.0,478.p.6355
10.0,PG/SG,Tyrese Haliburton,IND,,,100.0,0.0,13.9,1.9,48.6,1.0,13.9,10.0,,,,,,,,,,,,,,,,,,,,,,,,,,,478.p.6404
11.0,PF/SF/SG,Cooper Flagg,DAL,,,100.0,0.0,10.4,1.5,50.6,1.0,10.4,11.0,70.0,,33.5,21.04,6.66,4.51,1.03,1.2,0.91,2.3,2.03,0.468,0.827,0.295,7.99,17.06,4.04,4.89,3.49,1.23,5.43,13.0,0.0,1473.0,466.0,316.0,478.p.10468
12.0,PF/SF,Jalen Johnson,ATL,Q,,100.0,0.0,11.9,1.7,49.5,1.0,11.9,12.0,72.0,,35.2,22.51,10.28,7.86,1.67,1.24,0.43,3.39,2.1,0.489,0.788,0.352,8.33,17.06,4.18,5.31,4.74,1.4,8.88,49.0,13.0,1621.0,740.0,566.0,478.p.6562
13.0,PG/SG,Donovan Mitchell,CLE,,,100.0,0.0,13.6,1.9,47.8,1.0,13.6,13.0,70.0,,33.5,27.89,4.51,5.69,3.2,1.49,0.29,2.83,2.33,0.483,0.865,0.364,9.69,20.04,5.31,6.14,8.8,0.71,3.8,5.0,0.0,1952.0,316.0,398.0,478.p.5826
14.0,PF/SF/SG,Kevin Durant,HOU,,,100.0,0.0,16.0,2.0,49.6,1.0,16.0,14.0,78.0,,36.4,25.97,5.46,4.77,2.38,0.79,0.91,3.15,1.82,0.52,0.874,0.413,9.18,17.64,5.23,5.99,5.77,0.53,4.94,7.0,0.0,2026.0,426.0,372.0,478.p.4244
15.0,C/PF/SF,Scottie Barnes,TOR,,,100.0,0.0,14.9,2.0,46.3,1.0,14.9,15.0,80.0,,33.5,18.1,7.5,5.92,0.85,1.43,1.45,2.62,2.64,0.507,0.815,0.304,7.11,14.04,3.02,3.71,2.8,1.86,5.64,30.0,3.0,1448.0,600.0,474.0,478.p.6515
16.0,C/PF,Karl-Anthony Towns,NYK,,,100.0,0.0,15.6,2.0,41.6,1.0,15.6,16.0,75.0,,31.0,20.05,11.85,3.01,1.51,0.87,0.53,2.49,3.4,0.501,0.858,0.368,6.89,13.76,4.76,5.55,4.09,3.11,8.75,56.0,1.0,1504.0,889.0,226.0,478.p.5432
17.0,PG,Jamal Murray,DEN,,,100.0,0.0,20.9,2.4,39.2,1.0,20.8,17.0,75.0,,35.4,25.4,4.4,7.13,3.27,0.88,0.39,2.28,1.75,0.483,0.887,0.435,8.76,18.13,4.61,5.2,7.51,0.43,3.97,18.0,0.0,1905.0,330.0,535.0,478.p.5638
18.0,PG,Trae Young,WAS,,,99.0,0.0,24.9,2.9,37.1,1.0,24.9,18.0,15.0,,25.6,17.93,2.0,8.0,1.8,0.87,0.13,2.6,2.2,0.458,0.825,0.338,5.4,11.8,5.33,6.47,5.33,0.27,1.73,3.0,0.0,269.0,30.0,120.0,478.p.6016
19.0,PG/SG,Josh Giddey,CHI,,,99.0,0.0,23.1,2.8,37.4,1.0,23.1,19.0,54.0,,32.1,17.02,8.3,9.15,1.91,1.02,0.5,3.63,1.67,0.448,0.763,0.364,5.94,13.28,3.22,4.22,5.24,1.24,7.06,28.0,13.0,919.0,448.0,494.0,478.p.6548
20.0,PG/SG,Amen Thompson,HOU,,,99.0,0.0,23.2,2.8,29.8,1.0,23.2,20.0,79.0,,37.4,18.27,7.77,5.32,0.32,1.51,0.61,2.41,2.22,0.534,0.779,0.216,7.05,13.22,3.85,4.94,1.47,2.97,4.8,20.0,0.0,1443.0,614.0,420.0,478.p.10108
21.0,PG/SF/SG,Austin Reaves,LAL,,,100.0,0.0,23.5,2.8,31.7,1.0,23.5,21.0,51.0,,34.5,23.27,4.71,5.49,2.31,1.1,0.39,2.96,2.16,0.49,0.871,0.36,7.31,14.94,6.33,7.27,6.43,0.65,4.06,6.0,0.0,1187.0,240.0,280.0,478.p.6606
22.0,C/PF,Alperen Şengün,HOU,,,100.0,0.0,18.6,2.3,33.2,1.0,18.6,22.0,72.0,,33.3,20.36,8.89,6.18,0.56,1.18,1.07,3.15,3.31,0.519,0.691,0.305,8.1,15.6,3.61,5.22,1.82,2.99,5.9,34.0,4.0,1466.0,640.0,445.0,478.p.6558
23.0,PG,LaMelo Ball,MIN,,,100.0,0.0,26.3,3.0,31.2,1.0,26.3,23.0,72.0,,28.0,20.07,4.82,7.14,3.78,1.21,0.24,2.81,2.71,0.407,0.899,0.368,7.03,17.28,2.24,2.49,10.28,0.9,3.92,10.0,1.0,1445.0,347.0,514.0,478.p.6395
24.0,PG/SG,Devin Booker,PHX,,,100.0,0.0,25.2,3.0,31.1,1.0,25.2,24.0,64.0,,33.5,26.06,3.88,6.03,1.91,0.8,0.28,3.14,2.62,0.456,0.873,0.33,8.53,18.72,7.09,8.12,5.78,0.75,3.12,6.0,0.0,1668.0,248.0,386.0,478.p.5473
25.0,PG,Stephen Curry,GSW,Q,,100.0,0.0,23.0,2.7,31.7,1.0,23.0,25.0,43.0,,30.9,26.56,3.58,4.72,4.42,1.14,0.4,2.81,1.74,0.468,0.923,0.393,8.7,18.58,4.74,5.14,11.26,0.4,3.19,3.0,0.0,1142.0,154.0,203.0,478.p.4612
26.0,C/PF,Bam Adebayo,MIA,,,100.0,0.0,27.3,3.2,25.3,1.0,27.3,26.0,73.0,,32.4,20.11,10.03,3.18,1.74,1.18,0.67,1.64,1.67,0.442,0.778,0.318,6.93,15.68,4.51,5.79,5.48,2.04,7.99,35.0,0.0,1468.0,732.0,232.0,478.p.5827
27.0,C/PF,Evan Mobley,CLE,,,99.0,0.0,29.6,3.4,27.1,1.0,29.6,27.0,65.0,,31.9,18.15,9.02,3.6,0.95,0.74,1.74,1.88,2.45,0.546,0.606,0.297,7.22,13.22,2.77,4.57,3.22,2.4,6.62,27.0,0.0,1180.0,586.0,234.0,478.p.6514
28.0,SF/SG,Trey Murphy III,NOP,,,99.0,0.0,37.7,4.2,22.8,1.0,37.7,28.0,66.0,,35.5,21.52,5.71,3.79,3.24,1.5,0.36,1.82,2.09,0.47,0.886,0.379,7.48,15.91,3.3,3.73,8.56,0.95,4.76,4.0,0.0,1420.0,377.0,250.0,478.p.6559
29.0,PG,Jalen Brunson,NYK,,,100.0,0.0,21.3,2.6,33.3,1.0,21.3,29.0,74.0,,35.0,26.04,3.34,6.8,2.64,0.77,0.11,2.36,2.3,0.467,0.841,0.369,9.31,19.93,4.78,5.69,7.14,0.42,2.92,12.0,0.0,1927.0,247.0,503.0,478.p.6044
30.0,PF/SF,Lauri Markkanen,UTA,Q,,99.0,0.0,37.2,4.1,20.7,1.0,37.2,30.0,42.0,,34.4,26.74,6.88,2.12,2.74,1.0,0.5,1.5,1.83,0.477,0.896,0.355,9.14,19.17,5.71,6.38,7.71,2.0,4.88,5.0,0.0,1123.0,289.0,89.0,478.p.5769
31.0,C/PF,Chet Holmgren,OKC,Q,,100.0,0.0,29.4,3.4,30.3,1.0,29.4,31.0,69.0,,28.9,17.12,8.91,1.67,1.28,0.62,1.9,1.55,2.29,0.557,0.792,0.362,6.29,11.29,3.26,4.12,3.52,1.88,7.03,25.0,0.0,1181.0,615.0,115.0,478.p.6692
32.0,C,Jalen Duren,DET,Q,,99.0,0.0,36.1,4.1,21.3,1.0,36.1,32.0,70.0,,28.2,19.5,10.53,1.97,0.0,0.81,0.84,1.86,2.79,0.65,0.747,,7.46,11.47,4.59,6.14,0.0,3.79,6.74,41.0,0.0,1365.0,737.0,138.0,478.p.6703
33.0,PG/SG,James Harden,CLE,Q,,99.0,0.0,34.5,3.9,23.8,1.0,34.5,33.0,70.0,,34.8,23.6,4.8,7.96,3.07,1.13,0.4,3.5,1.96,0.434,0.884,0.375,6.96,16.04,6.61,7.49,8.19,0.57,4.23,20.0,2.0,1652.0,336.0,557.0,478.p.4563
34.0,C/PF,Domantas Sabonis,SAC,Q,,99.0,0.0,27.8,3.2,26.0,1.0,27.8,34.0,19.0,,29.7,15.84,11.37,4.11,0.26,0.95,0.21,2.68,3.47,0.543,0.727,0.185,6.32,11.63,2.95,4.05,1.42,3.37,8.0,12.0,0.0,301.0,216.0,78.0,478.p.5642
35.0,PF/SF,Brandon Miller,CHA,Q,,98.0,0.0,45.2,5.0,19.3,1.0,45.2,35.0,65.0,,30.3,20.17,4.91,3.34,3.14,1.02,0.68,2.51,2.77,0.435,0.892,0.383,6.98,16.06,3.06,3.43,8.2,1.08,3.83,3.0,0.0,1311.0,319.0,217.0,478.p.10104
36.0,PF/SF/SG,Kawhi Leonard,TOR,Q,,100.0,0.0,33.5,3.8,27.9,1.0,33.4,36.0,65.0,,32.1,27.89,6.35,3.6,2.65,1.88,0.42,2.05,1.2,0.505,0.892,0.387,9.77,19.35,5.71,6.4,6.85,1.09,5.26,5.0,0.0,1813.0,413.0,234.0,478.p.4896
37.0,PF/SF,Jalen Williams,OKC,,,99.0,0.0,40.3,4.5,22.6,1.0,40.3,37.0,33.0,,28.4,17.06,4.61,5.48,0.7,1.18,0.27,1.91,1.97,0.484,0.837,0.299,6.55,13.52,3.27,3.91,2.33,0.82,3.79,1.0,0.0,563.0,152.0,181.0,478.p.6702
38.0,C,Walker Kessler,LAL,Q,,99.0,0.0,41.5,4.6,18.2,1.0,41.5,38.0,5.0,,30.8,14.4,10.8,3.0,1.2,1.4,1.8,3.2,4.4,0.703,0.7,0.75,5.2,7.4,2.8,4.0,1.6,4.6,6.2,2.0,0.0,72.0,54.0,15.0,478.p.6712
39.0,PG/SG,Derrick White,BOS,Q,,98.0,0.0,44.7,4.9,14.9,1.0,44.7,39.0,77.0,,34.1,16.45,4.4,5.38,2.71,1.14,1.27,1.74,1.55,0.394,0.902,0.327,5.68,14.39,2.39,2.65,8.31,1.12,3.29,1.0,0.0,1267.0,339.0,414.0,478.p.5842
40.0,C/PF,Jaren Jackson Jr.,UTA,,,97.0,0.0,48.7,5.3,15.3,1.0,48.6,40.0,48.0,,30.3,19.4,5.67,1.96,1.75,1.1,1.44,2.23,3.73,0.476,0.803,0.357,7.12,14.98,3.4,4.23,4.9,0.88,4.79,3.0,0.0,931.0,272.0,94.0,478.p.6015
41.0,PG,Kyrie Irving,DAL,,,97.0,0.0,51.1,5.6,9.9,1.0,51.1,41.0,,,,,,,,,,,,,,,,,,,,,,,,,,,478.p.4840
42.0,PF/SF/SG,Deni Avdija,POR,,,98.0,0.0,40.9,4.6,16.1,1.0,40.9,42.0,66.0,,33.3,24.21,6.88,6.7,1.89,0.77,0.62,3.83,2.55,0.462,0.802,0.318,7.45,16.12,7.41,9.24,5.95,1.12,5.76,19.0,3.0,1598.0,454.0,442.0,478.p.6401
43.0,PF/SF,LeBron James,PHI,,,99.0,0.0,37.0,4.2,20.8,1.0,37.0,43.0,60.0,,33.1,20.93,6.07,7.2,1.28,1.2,0.58,2.98,1.35,0.515,0.737,0.317,7.88,15.32,3.88,5.27,4.05,0.72,5.35,17.0,3.0,1256.0,364.0,432.0,478.p.3704
44.0,C,Donovan Clingan,POR,,,98.0,0.0,42.4,4.7,16.2,1.0,42.4,44.0,77.0,,27.2,12.13,11.58,2.1,1.09,0.57,1.69,1.23,2.36,0.52,0.68,0.341,4.62,8.88,1.79,2.64,3.19,4.51,7.08,37.0,0.0,934.0,892.0,162.0,478.p.10285
45.0,C/PF,Anthony Davis,WAS,,,99.0,0.0,42.7,4.7,19.1,1.0,42.7,45.0,20.0,,31.3,20.35,11.05,2.8,0.5,1.1,1.65,2.05,2.1,0.506,0.728,0.27,8.45,16.7,2.95,4.05,1.85,3.1,7.95,13.0,0.0,407.0,221.0,56.0,478.p.5007
46.0,PG/SG,Keyonte George,UTA,,,96.0,0.0,53.6,5.8,14.7,1.0,53.5,46.0,54.0,,33.1,23.61,3.69,6.15,2.48,1.07,0.26,3.07,2.22,0.456,0.892,0.371,7.44,16.31,6.24,7.0,6.69,0.43,3.26,4.0,0.0,1275.0,199.0,332.0,478.p.10100
47.0,PF/SF/SG,Jaylen Brown,PHI,,,100.0,0.0,29.5,3.4,22.9,1.0,29.5,47.0,71.0,,34.4,28.7,6.93,5.13,1.97,1.01,0.38,3.65,2.69,0.477,0.795,0.347,10.37,21.73,6.0,7.55,5.69,1.14,5.79,14.0,3.0,2038.0,492.0,364.0,478.p.5602
48.0,SF/SG,Desmond Bane,ORL,,,96.0,0.0,52.9,5.8,9.1,1.0,52.9,48.0,82.0,,33.6,20.09,4.12,4.12,2.04,1.05,0.45,2.0,3.07,0.484,0.908,0.391,7.11,14.7,3.83,4.22,5.21,1.2,2.93,1.0,0.0,1647.0,338.0,338.0,478.p.6422
49.0,C,Onyeka Okongwu,ATL,,,95.0,0.0,55.0,6.0,7.7,1.0,55.0,49.0,74.0,,31.0,15.18,7.59,3.12,1.95,1.11,1.07,1.72,3.28,0.48,0.757,0.376,5.58,11.62,2.07,2.73,5.18,1.89,5.7,16.0,0.0,1123.0,562.0,231.0,478.p.6398
50.0,PF/SF,Franz Wagner,ORL,,,96.0,0.0,52.0,5.7,10.2,1.0,52.0,50.0,34.0,,30.0,20.56,5.21,3.32,1.41,0.94,0.32,1.71,2.12,0.481,0.823,0.345,7.18,14.91,4.79,5.82,4.09,1.26,3.94,0.0,0.0,699.0,177.0,113.0,478.p.6550
51.0,PF,Paolo Banchero,ORL,,,98.0,0.0,35.5,4.0,12.8,1.0,35.6,51.0,72.0,,34.8,22.21,8.39,5.18,1.17,0.71,0.56,3.08,2.0,0.459,0.775,0.305,7.35,16.0,6.35,8.19,3.82,1.18,7.21,26.0,3.0,1599.0,604.0,373.0,478.p.6691
52.0,C,Joel Embiid,PHI,,,97.0,0.0,50.3,5.5,7.3,1.0,50.3,52.0,38.0,,31.6,26.87,7.71,3.95,1.39,0.55,1.21,2.87,2.16,0.489,0.854,0.333,8.97,18.34,7.53,8.82,4.18,1.97,5.74,10.0,1.0,1021.0,293.0,150.0,478.p.5294
53.0,PG,Darius Garland,LAC,,,94.0,0.0,62.6,6.7,7.0,1.0,62.5,53.0,45.0,,29.9,18.78,2.38,6.69,2.71,0.96,0.18,2.89,1.87,0.46,0.861,0.396,6.87,14.93,2.33,2.71,6.84,0.4,1.98,7.0,0.0,845.0,107.0,301.0,478.p.6167
54.0,C,Ivica Zubac,IND,,,93.0,0.0,62.9,6.8,6.7,1.0,62.9,54.0,48.0,,30.1,14.1,10.6,2.19,0.0,0.38,0.83,1.79,2.33,0.598,0.711,,6.0,10.04,2.1,2.96,0.0,3.38,7.23,24.0,0.0,677.0,509.0,105.0,478.p.5663
55.0,PF,Cameron Boozer,MEM,,,94.0,0.0,55.5,6.0,11.7,1.0,55.5,55.0,,,,,,,,,,,,,,,,,,,,,,,,,,,478.p.10592
56.0,C,Alex Sarr,WAS,Q,,92.0,0.0,70.9,7.5,5.2,1.0,70.9,56.0,48.0,,27.2,16.31,7.4,2.71,1.04,0.81,1.98,1.71,2.19,0.482,0.692,0.333,6.58,13.67,2.1,3.04,3.12,2.19,5.21,12.0,0.0,783.0,355.0,130.0,478.p.10294
57.0,PG,Dejounte Murray,NOP,Q,,92.0,0.0,68.0,7.2,3.2,1.0,68.0,57.0,14.0,,27.8,16.71,5.36,6.36,1.36,1.64,0.21,3.36,2.36,0.484,0.867,0.306,6.29,13.0,2.79,3.21,4.43,0.29,5.07,1.0,0.0,234.0,75.0,89.0,478.p.5660
58.0,PG/SG,Nickeil Alexander-Walker,ATL,,,94.0,0.0,60.7,6.5,4.0,1.0,60.7,58.0,78.0,,33.4,20.82,3.44,3.67,3.22,1.31,0.54,2.08,2.22,0.459,0.902,0.399,7.03,15.32,3.55,3.94,8.06,0.67,2.77,2.0,0.0,1624.0,268.0,286.0,478.p.6205
59.0,C/PF,Pascal Siakam,IND,,,96.0,0.0,50.0,5.5,9.7,1.0,50.0,59.0,62.0,,33.2,23.95,6.63,3.81,1.69,1.11,0.4,2.23,2.37,0.484,0.693,0.358,9.02,18.63,4.23,6.1,4.73,1.44,5.19,10.0,0.0,1485.0,411.0,236.0,478.p.5658
60.0,PG/SG,Ryan Rollins,MIL,,,91.0,0.0,75.7,8.0,2.0,1.0,75.7,60.0,74.0,,32.1,17.31,4.57,5.59,2.49,1.49,0.42,2.72,2.61,0.472,0.796,0.406,6.57,13.92,1.69,2.12,6.12,0.73,3.84,6.0,0.0,1281.0,338.0,414.0,478.p.6734
61.0,PF/SF,Michael Porter Jr.,BKN,Q,,94.0,0.0,60.9,6.5,3.5,1.0,60.9,61.0,52.0,,32.5,24.21,7.06,3.04,3.38,1.06,0.25,2.35,2.23,0.463,0.859,0.363,8.54,18.42,3.75,4.37,9.33,1.33,5.73,12.0,0.0,1259.0,367.0,158.0,478.p.6025
62.0,SF/SG,Dyson Daniels,ATL,,,93.0,0.0,64.8,6.9,4.1,1.0,64.8,62.0,76.0,,33.2,11.86,6.84,5.91,0.29,1.96,0.41,1.78,2.18,0.517,0.615,0.188,5.29,10.22,0.99,1.61,1.54,2.42,4.42,15.0,2.0,901.0,520.0,449.0,478.p.6698
63.0,SF/SG,Kon Knueppel,CHA,Q,,97.0,0.0,48.5,5.3,9.5,1.0,48.6,63.0,81.0,,31.5,18.49,5.33,3.38,3.37,0.7,0.23,1.99,2.09,0.475,0.863,0.425,6.36,13.38,2.41,2.79,7.93,1.2,4.14,7.0,0.0,1498.0,432.0,274.0,478.p.10450
64.0,PF/SF,Matas Buzelis,CHI,,,91.0,0.0,65.9,7.1,6.0,1.0,66.0,64.0,77.0,,29.2,16.26,5.82,2.05,2.25,0.71,1.51,2.06,2.3,0.463,0.786,0.349,5.79,12.51,2.43,3.09,6.43,1.0,4.82,4.0,0.0,1252.0,448.0,158.0,478.p.10265
65.0,C/PF,Naz Reid,CHA,,,93.0,0.0,62.8,6.8,4.1,1.0,62.8,65.0,77.0,,26.1,13.58,6.19,2.21,2.1,0.99,1.01,1.64,2.53,0.456,0.732,0.362,5.16,11.31,1.17,1.6,5.82,1.17,5.03,6.0,0.0,1046.0,477.0,170.0,478.p.6253
66.0,C,Zach Edey,MEM,,,91.0,0.0,76.5,8.1,6.3,1.0,76.4,66.0,11.0,,25.8,13.64,11.09,1.09,0.09,0.64,1.91,2.36,3.36,0.633,0.781,0.2,5.64,8.91,2.27,2.91,0.45,3.91,7.18,5.0,0.0,150.0,122.0,12.0,478.p.10287
67.0,PG,Damian Lillard,POR,,,93.0,0.0,69.0,7.3,3.8,1.0,69.0,67.0,,,,,,,,,,,,,,,,,,,,,,,,,,,478.p.5012
68.0,PG/SG,Tyler Herro,MIL,,,93.0,0.0,69.0,7.3,3.8,1.0,69.0,68.0,33.0,,31.3,20.52,4.79,4.12,2.55,0.7,0.36,1.94,1.88,0.48,0.917,0.378,7.48,15.61,3.0,3.27,6.73,0.42,4.36,0.0,0.0,677.0,158.0,136.0,478.p.6175
69.0,PF/SF,OG Anunoby,NYK,,,94.0,0.0,67.9,7.3,3.7,1.0,67.9,69.0,67.0,,33.2,16.69,5.24,2.16,2.34,1.55,0.72,1.84,2.45,0.484,0.828,0.386,5.81,12.0,2.73,3.3,6.07,1.27,3.97,5.0,0.0,1118.0,351.0,145.0,478.p.5836
70.0,PG,De'Aaron Fox,SAS,Q,,90.0,0.0,80.2,8.5,4.3,1.0,80.2,70.0,72.0,,31.0,18.56,3.75,6.18,1.82,1.24,0.26,2.28,2.25,0.486,0.76,0.332,7.07,14.54,2.6,3.42,5.49,0.58,3.17,8.0,0.0,1336.0,270.0,445.0,478.p.5767
71.0,PF,Julius Randle,BKN,,,93.0,0.0,68.9,7.4,5.8,1.0,68.9,71.0,79.0,,33.0,21.1,6.73,5.04,1.38,1.09,0.23,2.75,2.82,0.481,0.802,0.315,7.34,15.28,5.04,6.28,4.38,1.67,5.06,15.0,3.0,1667.0,532.0,398.0,478.p.5318
72.0,C,Jarrett Allen,CLE,,,92.0,0.0,68.9,7.4,3.9,1.0,68.9,72.0,56.0,,27.1,15.36,8.5,1.79,0.02,0.98,0.84,1.34,1.7,0.638,0.709,0.1,6.02,9.43,3.3,4.66,0.18,2.57,5.93,20.0,0.0,860.0,476.0,100.0,478.p.5835
73.0,PF/SF/SG,Ausar Thompson,DET,,,89.0,0.0,82.6,8.7,2.6,1.0,82.6,73.0,73.0,,26.0,9.88,5.73,3.12,0.08,2.0,0.95,1.51,2.71,0.525,0.571,0.25,4.15,7.9,1.49,2.62,0.33,2.05,3.67,3.0,0.0,721.0,418.0,228.0,478.p.10096
74.0,C,Kel'el Ware,MIL,,,90.0,0.0,75.8,8.0,3.8,1.0,75.8,74.0,77.0,,22.1,11.05,9.01,0.73,1.19,0.77,1.09,0.81,1.55,0.53,0.74,0.395,4.47,8.43,0.92,1.25,3.03,2.82,6.19,24.0,0.0,851.0,694.0,56.0,478.p.10274
75.0,SF/SG,Cedric Coward,MEM,,,86.0,0.0,87.2,9.2,3.7,1.0,87.3,75.0,62.0,,25.8,13.6,5.87,2.76,1.5,0.65,0.44,1.69,2.03,0.471,0.843,0.338,4.92,10.45,2.26,2.68,4.44,1.34,4.53,7.0,0.0,843.0,364.0,171.0,478.p.10465
76.0,PF/SF,Paul George,BOS,Q,,90.0,0.0,80.6,8.5,1.8,1.0,80.7,76.0,37.0,,30.7,17.32,5.3,3.59,2.7,1.68,0.43,1.73,2.27,0.439,0.82,0.392,6.08,13.86,2.46,3.0,6.89,0.54,4.76,2.0,0.0,641.0,196.0,133.0,478.p.4725
77.0,PG/SG,Stephon Castle,SAS,,,95.0,0.0,53.9,5.8,4.3,1.0,54.0,77.0,68.0,,30.0,16.66,5.32,7.38,1.19,1.15,0.28,3.19,3.26,0.471,0.734,0.332,5.66,12.01,4.15,5.65,3.59,1.44,3.88,18.0,5.0,1133.0,362.0,502.0,478.p.10290
78.0,C,Rudy Gobert,MIN,,,91.0,0.0,73.7,7.8,5.1,1.0,73.7,78.0,76.0,,31.3,10.91,11.47,1.68,0.0,0.76,1.63,1.39,2.62,0.682,0.526,0.0,4.41,6.46,2.09,3.97,0.07,3.93,7.54,33.0,0.0,829.0,872.0,128.0,478.p.5197
79.0,PF/SF,Mikal Bridges,NYK,,,90.0,0.0,81.3,8.6,2.8,1.0,81.3,79.0,82.0,,32.8,14.4,3.8,3.71,1.9,1.3,0.76,1.01,1.95,0.49,0.827,0.371,5.76,11.74,0.99,1.2,5.12,0.96,2.84,1.0,0.0,1181.0,312.0,304.0,478.p.6021
80.0,PG,Payton Pritchard,BOS,Q,,90.0,0.0,81.2,8.6,3.6,1.0,81.2,80.0,79.0,,32.4,17.03,3.95,5.16,2.68,0.73,0.13,1.38,1.49,0.464,0.89,0.377,6.41,13.81,1.53,1.72,7.11,0.87,3.08,5.0,0.0,1345.0,312.0,408.0,478.p.6418
81.0,C/PF,Zion Williamson,NOP,,,92.0,0.0,67.6,7.2,2.9,1.0,67.6,81.0,62.0,,29.7,21.0,5.69,3.21,0.02,0.97,0.55,2.03,2.27,0.6,0.716,0.25,7.81,13.02,5.37,7.5,0.06,2.02,3.68,6.0,0.0,1302.0,353.0,199.0,478.p.6163
82.0,PF,Caleb Wilson,CHI,,,88.0,0.0,79.6,8.4,2.4,1.0,79.6,82.0,,,,,,,,,,,,,,,,,,,,,,,,,,,478.p.10595
83.0,PF/SF/SG,Brandon Ingram,LAC,O,,91.0,0.0,68.1,7.3,2.5,1.0,68.1,83.0,77.0,,33.8,21.49,5.58,3.69,1.75,0.75,0.71,2.43,1.92,0.477,0.82,0.382,7.97,16.73,3.79,4.62,4.58,0.82,4.77,2.0,0.0,1655.0,430.0,284.0,478.p.5601
84.0,PG/SG,VJ Edgecombe,PHI,,,92.0,0.0,74.7,7.9,6.9,1.0,74.8,84.0,75.0,,35.0,15.99,5.64,4.2,1.99,1.43,0.52,1.83,2.85,0.438,0.818,0.354,6.01,13.73,1.97,2.41,5.61,1.63,4.01,7.0,0.0,1199.0,423.0,315.0,478.p.10454
85.0,PG/SG,Dylan Harper,SAS,,,90.0,0.0,81.9,8.7,4.6,1.0,81.9,85.0,69.0,,22.6,11.78,3.39,3.86,0.88,0.78,0.35,1.43,2.01,0.505,0.756,0.343,4.8,9.51,1.3,1.72,2.58,0.78,2.61,0.0,0.0,813.0,234.0,266.0,478.p.10467
86.0,PG/SG,Coby White,CHA,Q,,87.0,0.0,88.9,9.3,2.5,1.0,88.8,86.0,50.0,,25.0,17.36,3.4,4.0,2.3,0.5,0.1,2.56,2.22,0.446,0.817,0.362,5.56,12.46,3.94,4.82,6.36,0.34,3.06,1.0,0.0,868.0,170.0,200.0,478.p.6169
87.0,PG/SG,Immanuel Quickley,TOR,,,85.0,0.0,96.0,10.1,1.4,1.0,96.0,87.0,70.0,,31.9,16.43,4.03,5.93,2.54,1.31,0.07,1.46,2.01,0.443,0.821,0.374,5.73,12.93,2.43,2.96,6.8,0.54,3.49,8.0,0.0,1150.0,282.0,415.0,478.p.6417
88.0,PG/SG,Ty Jerome,MEM,,,69.0,0.0,115.2,12.0,1.4,0.77,115.1,88.0,15.0,,22.6,19.67,2.8,5.67,2.8,1.07,0.27,1.8,2.07,0.474,0.875,0.42,6.8,14.33,3.27,3.73,6.67,0.73,2.07,0.0,0.0,295.0,42.0,85.0,478.p.6212
89.0,SF/SG,Norman Powell,CHI,,,87.0,0.0,93.0,9.7,2.4,1.0,93.0,89.0,58.0,,29.6,21.74,3.5,2.47,2.69,1.1,0.24,1.91,2.19,0.47,0.827,0.38,7.26,15.43,4.53,5.48,7.07,0.38,3.12,1.0,0.0,1261.0,203.0,143.0,478.p.5506
90.0,C,Day'Ron Sharpe,BKN,Q,,82.0,0.0,94.7,10.0,4.0,1.0,94.7,90.0,62.0,,18.7,8.71,6.66,2.34,0.15,1.08,0.42,1.71,2.37,0.601,0.678,0.231,3.45,5.74,1.66,2.45,0.63,2.76,3.9,5.0,0.0,540.0,413.0,145.0,478.p.6571
91.0,PF/SF/SG,Andrew Wiggins,MIA,,,81.0,0.0,98.6,10.3,1.1,1.0,98.6,91.0,68.0,,30.3,15.37,4.84,2.68,2.03,1.12,1.01,1.51,2.29,0.475,0.784,0.414,5.74,12.07,1.87,2.38,4.9,1.69,3.15,2.0,0.0,1045.0,329.0,182.0,478.p.5292
92.0,SF,Jaden McDaniels,MIN,,,87.0,0.0,91.6,9.6,1.2,1.0,91.5,92.0,73.0,,31.7,14.85,4.25,2.73,1.41,1.11,1.0,1.79,3.34,0.515,0.835,0.412,5.71,11.08,2.01,2.41,3.42,1.04,3.21,0.0,0.0,1084.0,310.0,199.0,478.p.6420
93.0,SF,AJ Dybantsa,WAS,,,90.0,0.0,79.2,8.4,3.2,1.0,79.1,93.0,,,,,,,,,,,,,,,,,,,,,,,,,,,478.p.10599
94.0,PG,Ja Morant,POR,,,87.0,0.0,89.6,9.4,2.3,1.0,89.6,94.0,20.0,,28.4,19.45,3.25,8.05,1.0,1.0,0.3,3.55,2.0,0.41,0.897,0.235,6.6,16.1,5.25,5.85,4.25,0.4,2.85,8.0,0.0,389.0,65.0,161.0,478.p.6164
95.0,PG/SG,Jalen Suggs,ORL,Q,,75.0,0.0,107.0,11.2,2.3,0.99,107.0,95.0,57.0,,27.6,13.79,3.86,5.47,2.14,1.84,0.7,2.67,2.54,0.435,0.855,0.339,4.95,11.39,1.75,2.05,6.32,0.63,3.23,4.0,1.0,786.0,220.0,312.0,478.p.6516
96.0,C/PF,Jabari Smith Jr.,HOU,,,79.0,0.0,93.8,9.8,1.7,1.0,93.8,96.0,77.0,,35.1,15.78,6.87,1.86,2.3,0.73,0.92,1.36,2.49,0.45,0.775,0.363,5.69,12.65,2.1,2.71,6.34,1.4,5.47,14.0,0.0,1215.0,529.0,143.0,478.p.6693
97.0,C/PF,John Collins,DET,,,68.0,0.0,115.9,12.0,1.2,0.92,115.9,97.0,69.0,,27.1,13.55,5.32,1.01,1.29,0.87,0.74,1.38,2.71,0.552,0.766,0.406,5.28,9.55,1.71,2.23,3.17,1.59,3.72,3.0,0.0,935.0,367.0,70.0,478.p.5832
98.0,SF/SG,Josh Hart,NYK,,,84.0,0.0,95.9,10.1,1.5,1.0,95.9,98.0,66.0,,30.2,12.0,7.36,4.8,1.52,1.14,0.26,1.94,2.5,0.508,0.72,0.413,4.56,8.97,1.36,1.89,3.67,1.41,5.95,13.0,2.0,792.0,486.0,317.0,478.p.5843
99.0,PF/SF,Keegan Murray,SAC,Q,,59.0,0.0,120.3,12.5,1.0,0.64,120.3,99.0,23.0,,34.5,13.96,5.74,1.65,1.35,1.04,1.57,1.17,1.83,0.42,0.776,0.277,5.48,13.04,1.65,2.13,4.87,1.43,4.3,2.0,0.0,321.0,132.0,38.0,478.p.6694
100.0,C/PF,Derik Queen,NOP,,,86.0,0.0,84.6,8.9,3.4,1.0,84.6,100.0,81.0,,25.0,11.7,7.06,3.68,0.28,1.04,0.91,2.35,2.65,0.473,0.795,0.261,4.37,9.23,2.68,3.37,1.09,1.68,5.38,14.0,2.0,948.0,572.0,298.0,478.p.10444
101.0,PF,Miles Bridges,PHX,Q,,80.0,0.0,99.0,10.4,2.1,1.0,99.0,101.0,77.0,,31.0,17.06,5.84,3.19,1.92,0.6,0.44,1.39,1.7,0.46,0.822,0.333,6.22,13.53,2.7,3.29,5.78,0.97,4.87,8.0,0.0,1314.0,450.0,246.0,478.p.6023
102.0,C/PF,Collin Murray-Boyles,TOR,,,66.0,0.0,114.5,11.9,1.0,0.92,114.5,102.0,57.0,,21.9,8.49,5.0,1.86,0.3,0.91,0.93,1.04,2.58,0.579,0.657,0.34,3.47,6.0,1.25,1.89,0.88,2.33,2.67,4.0,0.0,484.0,285.0,106.0,478.p.10443
103.0,PG/SF/SG,Zach LaVine,SAC,,,78.0,0.0,101.1,10.6,1.2,0.99,101.2,103.0,39.0,,31.4,19.18,2.77,2.28,2.54,0.72,0.26,1.9,2.08,0.479,0.88,0.39,6.72,14.03,3.21,3.64,6.51,0.21,2.56,0.0,0.0,748.0,108.0,89.0,478.p.5324
104.0,C,Isaiah Hartenstein,OKC,Q,,74.0,0.0,104.3,10.8,1.1,1.0,104.2,104.0,47.0,,24.2,9.19,9.43,3.53,0.0,1.02,0.77,1.74,2.51,0.622,0.61,0.0,3.91,6.3,1.36,2.23,0.15,3.17,6.26,11.0,1.0,432.0,443.0,166.0,478.p.5856
105.0,PG/SG,Brandin Podziemski,GSW,Q,,66.0,0.0,117.8,12.2,1.0,0.87,117.8,105.0,82.0,,28.5,13.82,5.11,3.71,1.87,1.07,0.18,1.6,1.66,0.455,0.797,0.371,4.8,10.56,2.34,2.94,5.02,0.88,4.23,5.0,0.0,1133.0,419.0,304.0,478.p.10115
106.0,PG/SG,CJ McCollum,ATL,,,74.0,0.0,109.4,11.4,1.0,0.99,109.4,106.0,76.0,,29.8,18.74,3.32,3.86,2.51,0.84,0.46,1.78,1.89,0.455,0.772,0.375,6.91,15.18,2.41,3.12,6.71,0.82,2.5,0.0,0.0,1424.0,252.0,293.0,478.p.5161
107.0,C,Neemias Queta,BOS,Q,,64.0,0.0,117.3,12.2,1.0,0.78,117.3,107.0,76.0,,25.3,10.21,8.37,1.66,0.01,0.79,1.32,0.99,2.84,0.653,0.703,0.125,4.29,6.57,1.62,2.3,0.11,3.03,5.34,17.0,0.0,776.0,636.0,126.0,478.p.6581
108.0,PG/SG,Ayo Dosunmu,MIN,,,70.0,0.0,112.4,11.7,1.1,0.96,112.4,108.0,69.0,,27.3,14.81,3.43,3.61,1.78,0.84,0.26,1.39,1.88,0.517,0.876,0.439,5.59,10.83,1.84,2.1,4.06,0.68,2.75,2.0,1.0,1022.0,237.0,249.0,478.p.6580
109.0,PF/SF,Toumani Camara,POR,,,69.0,0.0,111.2,11.6,1.0,0.99,111.2,109.0,82.0,,33.3,13.41,5.13,2.45,2.67,1.15,0.43,1.76,2.89,0.44,0.708,0.37,4.78,10.87,1.18,1.67,7.22,1.57,3.56,3.0,0.0,1100.0,421.0,201.0,478.p.10065
110.0,C,Nic Claxton,CHI,Q,,84.0,0.0,90.2,9.6,1.9,1.0,90.2,110.0,69.0,,27.8,11.74,6.93,3.67,0.04,0.65,1.12,1.39,2.29,0.571,0.616,0.158,4.83,8.45,2.04,3.32,0.28,2.43,4.49,11.0,2.0,810.0,478.0,253.0,478.p.6219
111.0,PG/SG,Andrew Nembhard,IND,,,65.0,0.0,114.5,11.9,1.0,0.94,114.5,111.0,57.0,,31.3,16.95,2.81,7.67,1.88,0.89,0.14,2.4,2.21,0.442,0.825,0.361,5.84,13.21,3.39,4.11,5.19,0.44,2.37,13.0,0.0,966.0,160.0,437.0,478.p.6721
112.0,PG,Davion Mitchell,MIA,,,58.0,0.0,117.8,12.2,1.0,0.87,117.7,112.0,70.0,,28.6,9.34,2.66,6.47,1.29,0.97,0.16,1.54,2.59,0.49,0.646,0.395,3.73,7.61,0.6,0.93,3.26,0.46,2.2,5.0,0.0,654.0,186.0,453.0,478.p.6551
113.0,C,Khaman Maluach,PHX,,,54.0,0.0,118.9,12.3,1.2,0.75,118.9,113.0,46.0,,8.9,3.02,2.89,0.13,0.11,0.11,0.72,0.54,0.93,0.533,0.71,0.238,1.22,2.28,0.48,0.67,0.46,1.07,1.83,1.0,0.0,139.0,133.0,6.0,478.p.10447
114.0,SG,Darryn Peterson,UTA,,,80.0,0.0,103.4,10.8,4.7,0.99,103.4,114.0,,,,,,,,,,,,,,,,,,,,,,,,,,,478.p.10590
115.0,C,Jusuf Nurkić,UTA,O,,68.0,0.0,111.3,11.6,1.0,0.97,111.3,115.0,41.0,,26.4,10.9,10.37,4.78,0.61,1.27,0.54,2.46,3.27,0.503,0.549,0.352,4.39,8.73,1.51,2.76,1.73,2.59,7.78,16.0,3.0,447.0,425.0,196.0,478.p.5327
116.0,PG/SG,Collin Gillespie,PHX,,,28.0,0.0,123.0,12.7,1.0,0.12,123.0,116.0,80.0,,28.5,12.65,4.09,4.64,2.9,1.24,0.2,1.56,1.62,0.418,0.874,0.401,4.4,10.53,0.95,1.09,7.22,1.11,2.98,3.0,0.0,1012.0,327.0,371.0,478.p.6751
117.0,C,Jakob Poeltl,TOR,,,45.0,0.0,121.9,12.6,1.0,0.5,121.8,117.0,46.0,,25.0,10.72,7.02,2.02,0.0,0.87,0.7,1.24,3.15,0.7,0.602,,4.72,6.74,1.28,2.13,0.0,2.48,4.54,7.0,0.0,493.0,323.0,93.0,478.p.5640
118.0,C,Myles Turner,MIL,,,76.0,0.0,100.4,10.5,1.2,1.0,100.4,118.0,71.0,,26.9,11.92,5.32,1.45,2.07,0.7,1.62,1.17,2.61,0.44,0.74,0.383,4.0,9.1,1.85,2.49,5.41,1.06,4.27,4.0,0.0,846.0,378.0,103.0,478.p.5471
119.0,PF/SF,Rui Hachimura,LAC,,,38.0,0.0,117.3,12.1,1.0,0.33,117.3,119.0,68.0,,28.3,11.47,3.32,0.84,1.71,0.57,0.31,0.62,1.62,0.514,0.694,0.443,4.51,8.78,0.74,1.06,3.85,0.6,2.72,1.0,0.0,780.0,226.0,57.0,478.p.6171
120.0,PF/SF,Peyton Watson,CLE,,,68.0,0.0,114.8,12.0,1.0,0.96,114.8,120.0,54.0,,29.6,14.61,4.89,2.06,1.5,0.93,1.13,1.72,2.52,0.491,0.73,0.411,5.28,10.76,2.56,3.5,3.65,0.91,3.98,2.0,0.0,789.0,264.0,111.0,478.p.6720
121.0,PF/SF/SG,Kyshawn George,WAS,,,59.0,0.0,119.7,12.4,1.0,0.72,119.7,121.0,48.0,,29.0,14.79,5.1,4.46,2.06,1.0,0.9,2.6,3.52,0.438,0.802,0.381,5.27,12.02,2.19,2.73,5.42,0.9,4.21,3.0,0.0,710.0,245.0,214.0,478.p.10272
122.0,SF/SG,Jalen Green,PHX,,,79.0,0.0,102.3,10.7,1.9,0.97,102.3,122.0,32.0,,25.9,17.75,3.62,2.84,2.22,1.06,0.25,2.25,1.31,0.422,0.747,0.313,6.75,16.0,2.03,2.72,7.09,0.5,3.12,0.0,0.0,568.0,116.0,91.0,478.p.6513
123.0,PG/SF/SG,Cason Wallace,OKC,,,42.0,0.0,118.2,12.2,1.0,0.28,118.3,123.0,77.0,,26.6,8.57,3.09,2.6,1.31,1.95,0.36,0.95,2.0,0.432,0.809,0.351,3.27,7.58,0.71,0.88,3.74,0.82,2.27,1.0,0.0,660.0,238.0,200.0,478.p.10107
124.0,C/PF,Aaron Gordon,DEN,,,62.0,0.0,111.4,11.6,1.3,0.74,111.4,124.0,36.0,,27.9,16.17,5.81,2.67,1.69,0.58,0.28,1.06,1.72,0.497,0.767,0.389,5.5,11.06,3.47,4.53,4.36,1.42,4.39,4.0,0.0,582.0,209.0,96.0,478.p.5295
125.0,C,Wendell Carter Jr.,ORL,,,37.0,0.0,119.5,12.3,1.1,0.22,119.5,125.0,78.0,,29.3,11.82,7.4,1.97,0.92,0.77,0.63,1.28,3.42,0.512,0.792,0.319,4.18,8.17,2.54,3.21,2.9,2.08,5.32,12.0,0.0,922.0,577.0,154.0,478.p.6018
126.0,PG/SG,Ajay Mitchell,OKC,,,29.0,0.0,116.5,12.1,1.0,0.09,116.6,126.0,57.0,,25.8,13.58,3.33,3.61,1.07,1.25,0.32,1.42,2.09,0.485,0.87,0.347,5.02,10.35,2.47,2.84,3.09,0.7,2.63,1.0,0.0,774.0,190.0,206.0,478.p.10304
127.0,PG,Darius Acuff Jr.,SAC,,,69.0,0.0,109.2,11.4,2.0,0.8,109.2,127.0,,,,,,,,,,,,,,,,,,,,,,,,,,,478.p.10582
128.0,PG/SG,Kevin Porter Jr.,MIL,,,41.0,0.0,119.4,12.3,1.0,0.27,119.4,128.0,38.0,,33.2,17.39,5.21,7.37,1.21,2.18,0.5,2.89,2.32,0.465,0.878,0.322,6.29,13.53,3.61,4.11,3.76,0.89,4.32,10.0,2.0,661.0,198.0,280.0,478.p.6218
129.0,C/PF,Sandro Mamukelashvili,LAL,,,39.0,0.0,119.1,12.3,1.0,0.25,119.1,129.0,80.0,,21.9,11.16,4.94,1.89,1.44,0.8,0.51,0.84,1.84,0.523,0.747,0.389,4.12,7.89,1.48,1.98,3.7,1.35,3.59,3.0,0.0,893.0,395.0,151.0,478.p.6596
130.0,C,Daniel Gafford,DAL,,,31.0,0.0,123.7,12.7,1.0,0.26,123.7,130.0,55.0,,21.7,9.53,6.87,1.05,0.0,0.76,1.25,1.15,2.62,0.655,0.683,,3.76,5.75,2.0,2.93,0.0,2.51,4.36,10.0,0.0,524.0,378.0,58.0,478.p.6226
131.0,C,Yves Missi,NOP,,,14.0,0.0,,,,,,131.0,66.0,,19.7,5.71,5.83,1.27,0.0,0.3,1.53,0.82,1.71,0.544,0.559,0.0,2.42,4.45,0.86,1.55,0.02,2.77,3.06,5.0,0.0,377.0,385.0,84.0,478.p.10289
132.0,PF/SF/SG,RJ Barrett,TOR,,,69.0,0.0,112.3,11.7,1.1,0.85,112.4,132.0,57.0,,30.3,19.26,5.26,3.32,1.68,0.74,0.33,1.74,2.58,0.491,0.717,0.339,7.04,14.32,3.51,4.89,4.96,0.96,4.3,0.0,0.0,1098.0,300.0,189.0,478.p.6165
133.0,PF,Yaxel Lendeborg,GSW,Q,,51.0,0.0,115.4,12.0,1.0,0.44,115.3,133.0,,,,,,,,,,,,,,,,,,,,,,,,,,,478.p.10571
134.0,SF/SG,Quentin Grimes,LAL,,,32.0,0.0,120.8,12.5,1.0,0.19,120.8,134.0,75.0,,29.4,13.41,3.64,3.25,1.69,0.85,0.37,1.77,2.07,0.45,0.84,0.334,4.53,10.07,2.65,3.16,5.07,0.61,3.03,2.0,0.0,1006.0,273.0,244.0,478.p.6567
135.0,PF/SF/SG,Jaime Jaquez Jr.,MIL,,,68.0,0.0,112.1,11.7,1.0,0.82,112.1,135.0,75.0,,28.3,15.36,5.0,4.69,0.77,0.68,0.28,2.03,1.83,0.507,0.769,0.317,6.19,12.2,2.21,2.88,2.44,1.28,3.72,6.0,0.0,1152.0,375.0,352.0,478.p.10092
136.0,PF/SF,Jonathan Kuminga,MIN,,,28.0,0.0,115.3,12.0,1.0,0.16,115.5,136.0,36.0,,23.1,12.17,5.61,2.31,0.97,0.61,0.31,1.86,1.53,0.463,0.724,0.333,4.36,9.42,2.47,3.42,2.92,1.36,4.25,1.0,0.0,438.0,202.0,83.0,478.p.6549
137.0,C/PF,P.J. Washington,DAL,,,29.0,0.0,116.2,12.0,0.0,0.12,116.3,137.0,56.0,,31.0,14.16,7.04,1.75,1.36,0.98,1.07,1.68,2.12,0.45,0.687,0.325,5.29,11.75,2.23,3.25,4.18,1.5,5.54,8.0,0.0,793.0,394.0,98.0,478.p.6174
138.0,PG/SG,Tre Jones,CHI,Q,,17.0,0.0,115.7,12.0,1.0,0.02,115.9,138.0,65.0,,27.0,14.06,3.14,5.38,0.63,1.17,0.17,1.42,1.45,0.553,0.841,0.315,5.25,9.49,2.94,3.49,2.0,0.58,2.55,5.0,0.0,914.0,204.0,350.0,478.p.6433
139.0,PG/SG,Jrue Holiday,POR,,,28.0,0.0,115.4,11.9,0.0,0.12,115.4,139.0,53.0,,29.4,16.32,4.62,6.08,2.58,1.02,0.11,2.75,1.47,0.451,0.838,0.378,6.04,13.38,1.66,1.98,6.83,1.34,3.28,9.0,0.0,865.0,245.0,322.0,478.p.4622
140.0,PF/SF,Dillon Brooks,PHX,,,35.0,0.0,113.6,11.8,1.0,0.23,113.6,140.0,56.0,,30.4,20.2,3.62,1.77,2.27,1.02,0.16,1.75,3.27,0.435,0.842,0.344,7.45,17.12,3.04,3.61,6.59,0.77,2.86,0.0,0.0,1131.0,203.0,99.0,478.p.5858
141.0,PG/SG,Reed Sheppard,HOU,,,40.0,0.0,121.0,12.5,1.0,0.35,121.0,141.0,82.0,,26.2,13.54,2.9,3.38,2.77,1.49,0.66,1.5,2.02,0.43,0.802,0.394,4.96,11.54,0.84,1.05,7.02,0.34,2.56,2.0,0.0,1110.0,238.0,277.0,478.p.10288
142.0,PF/SF,DeMar DeRozan,DEN,,,63.0,0.0,106.6,11.1,1.3,0.66,106.6,142.0,77.0,,31.2,18.43,2.94,4.1,0.61,1.04,0.3,1.25,1.94,0.497,0.868,0.32,6.48,13.05,4.86,5.6,1.91,0.45,2.48,2.0,0.0,1419.0,226.0,316.0,478.p.4614
143.0,PG/SG,Egor Dëmin,BKN,,,26.0,0.0,118.4,12.3,0.0,0.08,118.4,143.0,52.0,,25.2,10.31,3.17,3.33,2.38,0.81,0.33,1.65,1.79,0.399,0.831,0.385,3.44,8.63,1.04,1.25,6.19,0.4,2.77,1.0,0.0,536.0,165.0,173.0,478.p.10445
144.0,C,Moussa Diabaté,CHA,,,21.0,0.0,114.5,11.9,0.0,0.05,114.4,144.0,73.0,,26.0,7.88,8.7,1.93,0.01,0.77,0.99,1.0,2.41,0.631,0.659,0.5,3.14,4.97,1.59,2.41,0.03,3.74,4.96,20.0,0.0,575.0,635.0,141.0,478.p.6733
145.0,PF/SF,Jimmy Butler III,GSW,O,,53.0,0.0,115.8,12.0,0.0,0.42,115.8,145.0,38.0,,31.1,20.0,5.55,4.87,0.84,1.45,0.21,1.58,1.21,0.519,0.864,0.376,6.32,12.16,6.53,7.55,2.24,2.32,3.24,3.0,0.0,760.0,211.0,185.0,478.p.4912
146.0,PF/SF,Cameron Johnson,DEN,,,21.0,0.0,114.0,11.9,1.0,0.02,114.0,146.0,54.0,,30.5,12.22,3.81,2.44,2.04,0.74,0.39,0.87,2.31,0.48,0.839,0.43,4.22,8.8,1.74,2.07,4.74,0.8,3.02,1.0,0.0,660.0,206.0,132.0,478.p.6173
147.0,PF/SF,Ace Bailey,UTA,,,29.0,0.0,117.4,12.2,0.0,0.17,117.4,147.0,72.0,,27.6,13.79,4.19,1.82,1.9,0.83,0.68,1.49,2.68,0.443,0.75,0.344,5.49,12.39,0.92,1.22,5.53,1.44,2.75,1.0,0.0,993.0,302.0,131.0,478.p.10462
148.0,PG/SF/SG,Anthony Black,ORL,Q,,35.0,0.0,119.3,12.4,0.0,0.27,119.3,148.0,64.0,,29.8,14.98,3.81,3.69,1.56,1.42,0.7,2.06,2.66,0.447,0.732,0.333,5.39,12.06,2.64,3.61,4.69,0.73,3.08,2.0,0.0,959.0,244.0,236.0,478.p.10095
149.0,PF/SF,Gui Santos,GSW,Q,,13.0,0.0,,,,,,149.0,68.0,,20.5,9.19,3.91,2.34,1.15,0.9,0.32,1.5,2.09,0.5,0.725,0.351,3.38,6.76,1.28,1.76,3.26,1.1,2.81,3.0,0.0,625.0,266.0,159.0,478.p.6745
150.0,PG,Fred VanVleet,HOU,,,42.0,0.0,117.6,12.2,1.0,0.28,117.7,150.0,,,,,,,,,,,,,,,,,,,,,,,,,,,478.p.5727
151.0,PF/SF,Saddiq Bey,NOP,,,37.0,0.0,119.9,12.4,1.0,0.23,119.9,151.0,72.0,,31.2,17.65,5.56,2.53,2.1,0.94,0.1,0.94,1.32,0.451,0.841,0.367,6.06,13.43,3.44,4.1,5.72,1.68,3.88,7.0,0.0,1271.0,400.0,182.0,478.p.6411
152.0,C/PF,Draymond Green,GSW,Q,,28.0,0.0,107.5,11.2,0.0,0.19,107.6,152.0,68.0,,27.5,8.38,5.51,5.53,1.49,0.9,0.62,2.66,2.9,0.418,0.702,0.326,3.01,7.22,0.87,1.24,4.56,0.81,4.71,2.0,0.0,570.0,375.0,376.0,478.p.5069
153.0,SF/SG,Pelle Larsson,MIA,Q,,12.0,0.0,,,,,,153.0,70.0,,26.4,11.43,3.49,3.37,0.89,0.7,0.23,1.44,2.11,0.496,0.797,0.323,3.96,7.99,2.63,3.3,2.74,0.99,2.5,1.0,0.0,800.0,244.0,236.0,478.p.10312
154.0,C,Kristaps Porziņģis,GSW,Q,,54.0,0.0,102.3,10.7,1.0,0.65,102.3,154.0,32.0,,24.0,16.66,5.22,2.53,1.69,0.56,1.19,1.28,2.88,0.446,0.842,0.338,5.41,12.12,4.16,4.94,5.0,1.25,3.97,1.0,0.0,533.0,167.0,81.0,478.p.5464
155.0,PF/SF/SG,Christian Braun,DEN,,,27.0,0.0,119.6,12.4,0.0,0.14,119.5,155.0,44.0,,31.8,11.95,4.8,2.73,0.98,0.68,0.27,0.98,2.34,0.519,0.782,0.301,4.59,8.84,1.8,2.3,3.25,1.39,3.41,0.0,0.0,526.0,211.0,120.0,478.p.6711
156.0,SF/SG,Aaron Nesmith,IND,,,15.0,0.0,111.8,11.6,0.0,0.03,111.9,156.0,45.0,,29.7,13.8,4.16,1.91,2.33,0.58,0.51,1.4,2.76,0.414,0.829,0.379,4.71,11.38,2.04,2.47,6.16,1.07,3.09,0.0,0.0,621.0,187.0,86.0,478.p.6406
157.0,PG,Mikel Brown Jr.,BKN,Q,,13.0,0.0,118.3,12.2,0.0,0.03,118.4,157.0,,,,,,,,,,,,,,,,,,,,,,,,,,,478.p.10588
158.0,PF,Tobias Harris,SAS,Q,,17.0,0.0,112.0,11.6,0.0,0.03,112.0,158.0,63.0,,27.7,13.27,5.13,2.49,1.3,0.92,0.41,1.0,1.7,0.469,0.866,0.368,4.9,10.46,2.16,2.49,3.54,0.87,4.25,3.0,0.0,836.0,323.0,157.0,478.p.4901
159.0,PF/SF/SG,Tari Eason,HOU,,,19.0,0.0,116.9,12.1,0.0,0.03,116.9,159.0,60.0,,25.8,10.45,6.27,1.5,1.55,1.2,0.47,1.35,2.3,0.416,0.776,0.358,4.02,9.67,0.87,1.12,4.33,2.07,4.2,6.0,0.0,627.0,376.0,90.0,478.p.6707
160.0,SF/SG,Bennedict Mathurin,NOP,,,17.0,0.0,116.1,12.1,0.0,0.03,116.0,160.0,54.0,,30.0,17.57,5.43,2.39,1.39,0.8,0.24,2.19,2.54,0.43,0.869,0.315,5.39,12.54,5.41,6.22,4.41,1.02,4.41,3.0,0.0,949.0,293.0,129.0,478.p.6696
161.0,C,Maxime Raynaud,SAC,,,26.0,0.0,117.7,12.2,1.0,0.14,117.7,161.0,74.0,,26.5,12.46,7.51,1.35,0.32,0.51,0.53,1.27,2.3,0.571,0.786,0.324,5.18,9.07,1.78,2.27,1.0,1.92,5.59,18.0,0.0,922.0,556.0,100.0,478.p.10496
162.0,SF/SG,Herbert Jones,NOP,,,18.0,0.0,,,,,,162.0,56.0,,28.4,8.86,3.39,2.77,1.43,1.57,0.48,1.3,3.16,0.383,0.806,0.309,3.27,8.54,0.89,1.11,4.62,0.84,2.55,0.0,0.0,496.0,190.0,155.0,478.p.6577
163.0,SF/SG,Devin Vassell,SAS,,,36.0,0.0,114.9,11.9,1.0,0.28,114.9,163.0,67.0,,30.5,13.91,4.01,2.49,2.48,0.85,0.37,0.9,1.58,0.437,0.815,0.384,4.93,11.27,1.58,1.94,6.45,0.58,3.43,1.0,0.0,932.0,269.0,167.0,478.p.6403
164.0,PF/SF,Jake LaRavia,LAL,,,7.0,0.0,,,,,,164.0,82.0,,25.1,8.22,3.98,1.77,0.95,1.27,0.46,1.06,2.39,0.459,0.763,0.321,2.93,6.38,1.41,1.85,2.96,1.41,2.56,1.0,0.0,674.0,326.0,145.0,478.p.6709
165.0,C/PF,Jalen Smith,CHI,,,6.0,0.0,,,,,,165.0,53.0,,20.7,10.21,6.7,1.23,1.55,0.45,0.79,1.0,2.09,0.483,0.742,0.373,3.68,7.62,1.3,1.75,4.15,1.85,4.85,9.0,0.0,541.0,355.0,65.0,478.p.6402
166.0,PG,Scotty Pippen Jr.,MEM,,,12.0,0.0,,,,,,166.0,10.0,,21.2,11.4,2.2,4.7,1.0,1.9,0.4,2.7,3.1,0.448,0.783,0.313,4.3,9.6,1.8,2.3,3.2,0.8,1.4,0.0,0.0,114.0,22.0,47.0,478.p.6757
167.0,C,Nikola Vučević,ORL,,,25.0,0.0,113.9,11.8,0.0,0.12,113.9,167.0,64.0,,28.4,15.08,8.39,3.33,1.56,0.61,0.64,1.33,1.98,0.493,0.828,0.369,6.16,12.48,1.2,1.45,4.23,1.95,6.44,23.0,0.0,965.0,537.0,213.0,478.p.4897
168.0,PF/SF,Jerami Grant,MEM,,,16.0,0.0,117.1,12.1,0.0,0.03,117.0,168.0,57.0,,29.7,18.6,3.47,2.14,2.39,0.74,0.63,2.09,2.49,0.453,0.814,0.389,5.81,12.81,4.6,5.65,6.14,0.96,2.51,0.0,0.0,1060.0,198.0,122.0,478.p.5350
169.0,C,Isaiah Jackson,LAC,,,9.0,0.0,,,,,,169.0,55.0,,16.5,6.73,5.27,0.95,0.0,0.65,0.89,1.05,2.67,0.637,0.648,0.0,2.75,4.31,1.24,1.91,0.05,2.05,3.22,7.0,0.0,370.0,290.0,52.0,478.p.6564
170.0,PG/SG,Jared McCain,OKC,,,12.0,0.0,111.1,11.5,0.0,0.04,111.2,170.0,67.0,,17.3,8.33,2.04,1.34,1.48,0.52,0.07,0.84,1.21,0.425,0.864,0.385,3.04,7.16,0.76,0.88,3.84,0.34,1.7,0.0,0.0,558.0,137.0,90.0,478.p.10276
171.0,C,Brook Lopez,LAC,,,12.0,0.0,108.9,11.3,0.0,0.02,108.9,171.0,75.0,,21.8,8.45,3.64,1.29,1.52,0.6,1.16,0.81,2.05,0.428,0.757,0.36,3.09,7.23,0.75,0.99,4.23,0.63,3.01,1.0,0.0,634.0,273.0,97.0,478.p.4472
172.0,C/PF,Bobby Portis Jr.,MIA,,,19.0,0.0,110.6,11.5,0.0,0.07,110.7,172.0,67.0,,24.2,13.66,6.39,1.57,2.01,0.61,0.18,0.99,1.64,0.488,0.706,0.456,5.46,11.19,0.72,1.01,4.42,1.33,5.06,11.0,0.0,915.0,428.0,105.0,478.p.5482
173.0,PF/SF,Julian Champagnie,SAS,,,16.0,0.0,110.7,11.5,1.0,0.05,110.7,173.0,82.0,,27.6,11.11,5.77,1.55,2.38,0.76,0.46,0.84,1.6,0.437,0.844,0.381,3.67,8.4,1.39,1.65,6.24,0.9,4.87,7.0,0.0,911.0,473.0,127.0,478.p.6754
174.0,C/PF,Isaiah Stewart,MEM,Q,,12.0,0.0,113.4,11.7,0.0,0.02,113.4,174.0,58.0,,22.7,10.02,5.0,1.14,0.69,0.28,1.6,1.16,2.86,0.55,0.756,0.333,3.81,6.93,1.71,2.26,2.07,1.66,3.34,2.0,0.0,581.0,290.0,66.0,478.p.6408
175.0,SF/SG,Jaylen Wells,MEM,,,6.0,0.0,,,,,,175.0,69.0,,26.4,12.54,3.19,1.61,1.87,0.88,0.13,1.07,2.14,0.431,0.784,0.353,4.36,10.12,1.94,2.48,5.29,0.88,2.3,0.0,0.0,865.0,220.0,111.0,478.p.10340
176.0,C,Mitchell Robinson,BOS,Q,,20.0,0.0,107.9,11.2,0.0,0.09,107.8,176.0,60.0,,19.6,5.67,8.75,0.87,0.0,0.93,1.17,0.68,2.12,0.723,0.408,,2.48,3.43,0.7,1.72,0.0,4.2,4.55,6.0,0.0,340.0,525.0,52.0,478.p.6047
177.0,SF/SG,Grayson Allen,CHA,,,18.0,0.0,114.7,11.9,0.0,0.02,114.7,177.0,51.0,,28.8,16.49,3.04,3.82,3.12,1.35,0.25,1.63,2.29,0.403,0.857,0.349,5.27,13.08,2.82,3.29,8.92,0.73,2.31,0.0,0.0,841.0,155.0,195.0,478.p.6032
178.0,C,Oso Ighodaro,PHX,,,8.0,0.0,,,,,,178.0,82.0,,22.0,6.48,5.1,2.26,0.0,0.89,0.7,1.23,2.66,0.653,0.453,0.0,2.91,4.46,0.65,1.43,0.01,1.68,3.41,4.0,0.0,531.0,418.0,185.0,478.p.10313
179.0,PF/SF,Kelly Oubre Jr.,IND,,,15.0,0.0,111.3,11.6,0.0,0.03,111.2,179.0,50.0,,31.5,14.1,5.04,1.6,1.72,1.36,0.48,1.38,2.54,0.467,0.766,0.36,5.08,10.88,2.22,2.9,4.78,1.0,4.04,5.0,0.0,705.0,252.0,80.0,478.p.5475
180.0,PG,Scoot Henderson,POR,,,8.0,0.0,,,,,,180.0,30.0,,24.9,14.23,2.67,3.73,1.9,0.9,0.3,2.43,2.83,0.418,0.84,0.352,4.77,11.4,2.8,3.33,5.4,0.6,2.07,0.0,0.0,427.0,80.0,112.0,478.p.10048
181.0,C/PF,Paul Reed,DET,,,15.0,0.0,112.1,11.6,0.0,0.02,112.1,181.0,65.0,,13.9,7.75,4.52,1.23,0.2,0.88,0.92,0.89,1.85,0.617,0.664,0.325,3.22,5.22,1.12,1.69,0.62,2.0,2.52,3.0,0.0,504.0,294.0,80.0,478.p.6450
182.0,C/PF,Joan Beringer,MIN,,,8.0,0.0,,,,,,182.0,40.0,,7.8,3.9,2.3,0.3,0.0,0.17,0.65,0.28,1.18,0.663,0.703,,1.62,2.45,0.65,0.93,0.0,1.12,1.18,1.0,0.0,156.0,92.0,12.0,478.p.10460
183.0,C,Dereck Lively II,DAL,Q,,9.0,0.0,,,,,,183.0,7.0,,16.4,4.29,5.29,1.86,0.0,0.57,1.57,1.43,3.0,0.611,0.8,,1.57,2.57,1.14,1.43,0.0,2.0,3.29,0.0,0.0,30.0,37.0,13.0,478.p.10097
184.0,PG/SG,Daniss Jenkins,DET,,,7.0,0.0,,,,,,184.0,72.0,,20.2,9.32,2.31,3.86,1.01,0.89,0.21,1.6,1.49,0.408,0.832,0.374,3.22,7.89,1.86,2.24,2.71,0.71,1.6,3.0,0.0,671.0,166.0,278.0,478.p.10316
185.0,PG/SG,Jeremiah Fears,NOP,,,32.0,0.0,119.5,12.4,1.0,0.33,119.5,185.0,82.0,,25.8,14.26,3.66,3.4,1.23,1.18,0.37,2.17,1.84,0.434,0.789,0.33,5.33,12.27,2.37,3.0,3.73,0.73,2.93,3.0,0.0,1169.0,300.0,279.0,478.p.10440
186.0,PG/SG,Isaiah Collier,UTA,,,7.0,0.0,,,,,,186.0,59.0,,25.7,11.66,2.54,7.17,0.46,1.12,0.34,2.51,2.34,0.495,0.722,0.27,4.32,8.73,2.56,3.54,1.69,0.36,2.19,10.0,0.0,688.0,150.0,423.0,478.p.10282
187.0,C,Deandre Ayton,WAS,,,13.0,0.0,110.0,11.4,0.0,0.03,110.1,187.0,72.0,,27.2,12.46,7.99,0.82,0.0,0.57,0.97,1.15,2.18,0.671,0.645,,5.6,8.35,1.26,1.96,0.0,2.57,5.42,22.0,0.0,897.0,575.0,59.0,478.p.5958
188.0,PG/SG,Dennis Schröder,CHA,,,6.0,0.0,,,,,,188.0,70.0,,24.2,10.8,2.71,4.87,1.07,0.79,0.16,1.77,1.56,0.405,0.834,0.329,3.64,8.99,2.44,2.93,3.26,0.47,2.24,3.0,0.0,756.0,190.0,341.0,478.p.5187
189.0,PG/SG,Kris Dunn,LAC,,,4.0,0.0,,,,,,189.0,82.0,,27.2,7.27,3.3,3.6,0.98,1.6,0.17,1.35,2.3,0.476,0.765,0.374,2.77,5.82,0.76,0.99,2.61,0.71,2.6,0.0,0.0,596.0,271.0,295.0,478.p.5636
190.0,PG/SG,Jordan Poole,NOP,,,8.0,0.0,110.3,11.4,0.0,0.02,110.4,190.0,39.0,,23.9,13.44,1.97,3.05,2.46,0.56,0.38,1.77,2.28,0.372,0.86,0.333,4.23,11.38,2.51,2.92,7.38,0.23,1.74,0.0,0.0,524.0,77.0,119.0,478.p.6216
191.0,PF/SF,De'Andre Hunter,SAC,,,7.0,0.0,,,,,,191.0,45.0,,26.1,13.67,4.11,2.0,1.67,0.67,0.13,1.67,2.49,0.415,0.867,0.305,4.62,11.13,2.76,3.18,5.47,0.67,3.44,0.0,0.0,615.0,185.0,90.0,478.p.6166
192.0,PF/SF,Sam Hauser,BOS,Q,,7.0,0.0,,,,,,192.0,78.0,,24.8,9.22,3.85,1.46,2.54,0.49,0.29,0.45,1.45,0.419,0.85,0.393,3.23,7.71,0.22,0.26,6.46,0.72,3.13,0.0,0.0,719.0,300.0,114.0,478.p.6619
193.0,SF/SG,Tim Hardaway Jr.,MIA,,,6.0,0.0,,,,,,193.0,80.0,,26.6,13.49,2.58,1.35,2.8,0.53,0.12,0.54,1.25,0.447,0.811,0.407,4.35,9.74,1.99,2.45,6.88,0.21,2.36,0.0,0.0,1079.0,206.0,108.0,478.p.5194
194.0,PG/SG,Miles McBride,NYK,,,4.0,0.0,,,,,,194.0,41.0,,26.3,11.98,2.44,2.59,2.73,0.85,0.22,0.8,1.71,0.423,0.787,0.413,4.17,9.85,0.9,1.15,6.61,0.59,1.85,0.0,0.0,491.0,100.0,106.0,478.p.6578
195.0,C,Robert Williams III,POR,,,5.0,0.0,,,,,,195.0,59.0,,17.1,6.73,7.03,1.02,0.15,0.59,1.47,0.83,1.25,0.708,0.596,0.391,3.0,4.24,0.58,0.97,0.39,2.39,4.64,5.0,0.0,397.0,415.0,60.0,478.p.6038
196.0,PF/SF,Kyle Kuzma,MIL,,,11.0,0.0,117.1,12.1,0.0,0.04,117.1,196.0,69.0,,26.2,12.99,4.54,2.67,1.2,0.67,0.41,1.72,1.94,0.492,0.726,0.347,4.91,9.99,1.96,2.7,3.46,0.83,3.71,4.0,0.0,896.0,313.0,184.0,478.p.5840
197.0,PF/SF/SG,Naji Marshall,DAL,,,9.0,0.0,,,,,,197.0,74.0,,29.5,15.24,4.7,3.26,0.84,1.11,0.08,1.61,1.93,0.51,0.76,0.291,5.66,11.09,3.08,4.05,2.88,0.88,3.82,2.0,0.0,1128.0,348.0,241.0,478.p.6499
198.0,SF/SG,Kevin Huerter,DET,,,2.0,0.0,,,,,,198.0,69.0,,22.4,10.04,3.48,2.58,1.45,0.91,0.48,1.04,1.67,0.451,0.775,0.308,3.9,8.64,0.8,1.03,4.71,0.49,2.99,1.0,0.0,693.0,240.0,178.0,478.p.6030
199.0,SF/SG,Terrence Shannon Jr.,MIN,,,2.0,0.0,,,,,,199.0,43.0,,12.5,5.6,1.14,0.88,0.72,0.33,0.02,0.56,1.16,0.45,0.8,0.408,1.79,3.98,1.3,1.63,1.77,0.23,0.91,0.0,0.0,241.0,49.0,38.0,478.p.10280
200.0,SF/SG,Alex Caruso,OKC,,,9.0,0.0,108.7,11.3,0.0,0.05,108.6,200.0,56.0,,18.2,6.21,2.77,1.96,0.95,1.29,0.3,0.86,1.21,0.423,0.804,0.293,2.27,5.36,0.73,0.91,3.23,0.5,2.27,0.0,0.0,348.0,155.0,110.0,478.p.5754
201.0,PG/SG,Anfernee Simons,PHI,Q,,9.0,0.0,108.7,11.3,0.0,0.02,108.8,201.0,55.0,,24.9,14.27,2.45,2.44,2.65,0.49,0.15,1.24,1.71,0.44,0.896,0.385,5.18,11.78,1.25,1.4,6.89,0.56,1.89,0.0,0.0,785.0,135.0,134.0,478.p.6035
202.0,C/PF,Dylan Cardwell,SAC,,,4.0,0.0,,,,,,202.0,44.0,,20.6,5.41,7.55,1.41,0.05,0.68,1.52,0.89,3.66,0.587,0.51,0.5,2.39,4.07,0.59,1.16,0.09,3.34,4.2,3.0,0.0,238.0,332.0,62.0,478.p.10510
203.0,SG,Keaton Wagler,LAC,,,20.0,0.0,116.1,12.0,0.0,0.06,116.2,203.0,,,,,,,,,,,,,,,,,,,,,,,,,,,478.p.10585
204.0,C/PF,Kyle Filipowski,UTA,Q,,12.0,0.0,114.8,11.9,0.0,0.04,114.8,204.0,77.0,,23.4,11.42,7.17,2.57,0.96,0.95,0.51,1.62,3.01,0.492,0.75,0.325,4.19,8.53,2.06,2.75,2.96,1.87,5.3,13.0,0.0,879.0,552.0,198.0,478.p.10315
205.0,PG/SG,Collin Sexton,LAL,Q,,16.0,0.0,117.2,12.1,0.0,0.05,117.2,205.0,68.0,,23.7,15.44,2.28,3.28,1.65,1.12,0.15,2.07,2.12,0.485,0.855,0.401,5.29,10.91,3.21,3.75,4.1,0.6,1.68,1.0,0.0,1050.0,155.0,223.0,478.p.6019
206.0,C,Mark Williams,PHX,O,,24.0,0.0,109.1,11.3,1.0,0.06,109.0,206.0,60.0,,23.6,11.67,7.95,0.97,0.02,0.92,0.92,1.08,2.2,0.644,0.771,1.0,4.7,7.3,2.25,2.92,0.02,3.08,4.87,14.0,0.0,700.0,477.0,58.0,478.p.6705
207.0,C,Jay Huff,IND,,,6.0,0.0,,,,,,207.0,82.0,,21.0,9.55,3.95,1.48,1.45,0.5,1.87,0.93,2.39,0.476,0.828,0.319,3.55,7.45,1.0,1.21,4.55,0.89,3.06,1.0,0.0,783.0,324.0,121.0,478.p.6617
208.0,SF/SG,Bilal Coulibaly,WAS,,,6.0,0.0,,,,,,208.0,56.0,,26.2,11.73,4.34,2.59,1.16,1.34,0.96,1.45,2.32,0.425,0.746,0.319,4.11,9.66,2.36,3.16,3.64,0.86,3.48,0.0,0.0,657.0,243.0,145.0,478.p.10099
209.0,PF/SF,Royce O'Neale,CHA,,,4.0,0.0,,,,,,209.0,78.0,,28.4,9.81,4.77,2.67,2.72,1.08,0.41,1.32,2.27,0.421,0.711,0.408,3.37,8.01,0.35,0.49,6.67,0.76,4.01,2.0,0.0,765.0,372.0,208.0,478.p.5905
210.0,C/PF,Precious Achiuwa,SAC,,,4.0,0.0,,,,,,210.0,73.0,,23.9,10.08,6.74,1.38,0.37,0.89,0.68,0.89,1.68,0.528,0.554,0.278,4.33,8.19,1.05,1.9,1.33,2.42,4.32,12.0,0.0,736.0,492.0,101.0,478.p.6412
211.0,C/PF,Al Horford,GSW,,,5.0,0.0,108.1,11.2,0.0,0.03,108.1,211.0,45.0,,21.5,8.27,4.87,2.58,1.64,0.67,1.13,0.93,1.13,0.426,0.846,0.361,3.07,7.2,0.49,0.58,4.56,0.98,3.89,0.0,0.0,372.0,219.0,116.0,478.p.4245
212.0,PF/SF,Keldon Johnson,SAS,,,9.0,0.0,,,,,,212.0,82.0,,23.3,13.18,5.37,1.35,1.21,0.56,0.13,0.85,1.98,0.519,0.794,0.363,5.05,9.72,1.88,2.37,3.33,1.67,3.7,5.0,0.0,1081.0,440.0,111.0,478.p.6217
213.0,SF/SG,Klay Thompson,MIA,,,14.0,0.0,109.1,11.3,1.0,0.07,109.2,213.0,69.0,,21.7,11.74,2.07,1.39,2.93,0.48,0.32,0.91,1.01,0.393,0.766,0.383,4.14,10.55,0.52,0.68,7.64,0.26,1.81,0.0,0.0,810.0,143.0,96.0,478.p.4892
214.0,PF,Morez Johnson Jr.,DAL,,,9.0,0.0,,,,,,214.0,,,,,,,,,,,,,,,,,,,,,,,,,,,478.p.10572
215.0,SF/SG,Nique Clifford,SAC,,,3.0,0.0,,,,,,215.0,75.0,,25.1,8.6,3.76,2.39,1.03,0.91,0.32,1.55,2.08,0.418,0.722,0.333,3.32,7.95,0.93,1.29,3.08,0.87,2.89,0.0,0.0,645.0,282.0,179.0,478.p.10469
216.0,C,Andre Drummond,NYK,,,7.0,0.0,107.5,11.2,0.0,0.03,107.5,216.0,63.0,,19.5,6.4,8.44,1.27,0.51,0.6,0.78,0.97,1.98,0.472,0.631,0.356,2.52,5.35,0.84,1.33,1.43,3.17,5.27,17.0,0.0,403.0,532.0,80.0,478.p.5015
217.0,PG/SG,Malik Monk,SAC,Q,,4.0,0.0,,,,,,217.0,62.0,,22.0,12.45,1.89,2.98,2.0,0.6,0.39,1.47,1.6,0.438,0.879,0.395,4.47,10.19,1.52,1.73,5.06,0.24,1.65,0.0,0.0,772.0,117.0,185.0,478.p.5824
218.0,PG/SG,Shaedon Sharpe,POR,O,,12.0,0.0,,,,,,218.0,50.0,,29.4,20.84,4.34,2.64,2.06,1.4,0.12,2.94,1.96,0.452,0.787,0.337,7.84,17.36,3.1,3.94,6.12,1.02,3.32,0.0,0.0,1042.0,217.0,132.0,478.p.6697
219.0,SF/SG,Duncan Robinson,DET,,,7.0,0.0,,,,,,219.0,77.0,,27.4,12.19,2.66,2.06,2.86,0.57,0.29,0.7,2.18,0.456,0.755,0.41,4.13,9.06,1.08,1.43,6.96,0.38,2.29,0.0,0.0,939.0,205.0,159.0,478.p.6073
220.0,PG/SG,Marcus Smart,HOU,,,2.0,0.0,,,,,,220.0,62.0,,28.5,9.34,2.77,2.98,1.56,1.4,0.37,1.48,2.61,0.395,0.822,0.331,3.03,7.68,1.71,2.08,4.73,0.58,2.19,0.0,0.0,579.0,172.0,185.0,478.p.5317
221.0,C/PF/SF,GG Jackson,MEM,,,4.0,0.0,,,,,,221.0,55.0,,21.4,12.47,4.27,1.47,1.16,0.56,0.8,1.55,1.36,0.496,0.742,0.332,4.64,9.35,2.04,2.75,3.51,0.89,3.38,1.0,0.0,686.0,235.0,81.0,478.p.10070
222.0,PG/SF/SG,Tre Johnson,WAS,,,4.0,0.0,,,,,,222.0,60.0,,24.1,12.22,2.83,2.03,1.92,0.55,0.3,1.55,2.03,0.419,0.874,0.358,4.52,10.78,1.27,1.45,5.35,0.48,2.35,0.0,0.0,733.0,170.0,122.0,478.p.10448
223.0,PF/SF,Derrick Jones Jr.,LAC,,,3.0,0.0,,,,,,223.0,50.0,,27.0,10.08,3.46,1.38,1.1,0.9,1.0,0.8,2.08,0.499,0.763,0.359,3.78,7.58,1.42,1.86,3.06,1.22,2.24,1.0,0.0,504.0,173.0,69.0,478.p.5747
224.0,PF/SF,Will Riley,WAS,,,2.0,0.0,,,,,,224.0,74.0,,22.1,10.32,2.86,1.97,1.05,0.73,0.12,1.27,1.23,0.439,0.8,0.316,3.66,8.35,1.95,2.43,3.34,0.76,2.11,2.0,0.0,764.0,212.0,146.0,478.p.10449
225.0,PG,Jamal Shead,TOR,,,4.0,0.0,,,,,,225.0,82.0,,22.6,6.65,1.74,5.41,1.02,0.93,0.18,1.37,1.98,0.367,0.784,0.321,2.26,6.15,1.11,1.41,3.2,0.32,1.43,2.0,0.0,545.0,143.0,444.0,478.p.10333
226.0,PG/SG,Cam Spencer,MEM,,,6.0,0.0,,,,,,226.0,72.0,,23.8,11.08,2.54,5.56,2.03,0.72,0.15,1.29,1.43,0.473,0.94,0.449,3.65,7.72,1.75,1.86,4.51,0.56,1.99,6.0,0.0,798.0,183.0,400.0,478.p.10327
227.0,PG,Ben Simmons,SAC,Q,,7.0,0.0,,,,,,227.0,,,,,,,,,,,,,,,,,,,,,,,,,,,478.p.5600
228.0,PF/SF,Max Strus,LAC,O,,6.0,0.0,,,,,,228.0,12.0,,24.0,11.17,5.42,2.0,2.75,0.25,0.0,0.75,2.83,0.443,0.778,0.402,3.92,8.83,0.58,0.75,6.83,0.75,4.67,0.0,0.0,134.0,65.0,24.0,478.p.6267
229.0,C/PF,Jaylin Williams,OKC,Q,,3.0,0.0,,,,,,229.0,65.0,,19.6,7.22,5.51,2.43,1.51,0.48,0.65,1.03,1.95,0.423,0.793,0.383,2.29,5.42,1.12,1.42,3.94,0.49,5.02,6.0,0.0,469.0,358.0,158.0,478.p.6724
230.0,SF/SG,Luguentz Dort,ATL,Q,,4.0,0.0,,,,,,230.0,69.0,,26.8,8.35,3.55,1.23,1.86,0.9,0.39,0.78,2.59,0.385,0.759,0.344,2.93,7.59,0.64,0.84,5.39,0.81,2.74,0.0,0.0,576.0,245.0,85.0,478.p.6254
231.0,PF/SF/SG,Jaylon Tyson,CLE,,,5.0,0.0,,,,,,231.0,66.0,,26.9,13.21,5.12,2.23,2.02,0.82,0.42,1.5,2.48,0.493,0.738,0.446,5.0,10.15,1.2,1.62,4.52,1.79,3.33,7.0,0.0,872.0,338.0,147.0,478.p.10279
232.0,C/PF,Noah Clowney,BKN,,,3.0,0.0,,,,,,232.0,66.0,,27.0,12.26,4.14,1.64,1.95,0.76,0.68,1.55,2.55,0.396,0.804,0.329,3.79,9.56,2.73,3.39,5.94,0.79,3.35,1.0,0.0,809.0,273.0,108.0,478.p.10121
233.0,PG,T.J. McConnell,IND,Q,,3.0,0.0,,,,,,233.0,56.0,,17.2,9.38,2.21,5.12,0.29,1.0,0.18,1.14,1.11,0.538,0.862,0.32,4.32,8.04,0.45,0.52,0.89,0.39,1.82,1.0,0.0,525.0,124.0,287.0,478.p.5582
234.0,PF,Santi Aldama,DAL,Q,,8.0,0.0,,,,,,234.0,43.0,,27.9,14.0,6.67,2.93,1.63,0.86,0.72,1.28,1.6,0.479,0.667,0.35,5.3,11.07,1.77,2.65,4.65,1.56,5.12,5.0,0.0,602.0,287.0,126.0,478.p.6572
235.0,C/PF,Nikola Jović,MIA,,,2.0,0.0,,,,,,235.0,47.0,,17.2,7.32,3.26,2.17,0.96,0.55,0.36,1.38,1.38,0.366,0.683,0.269,2.45,6.68,1.47,2.15,3.55,0.53,2.72,0.0,0.0,344.0,153.0,102.0,478.p.6717
236.0,PG/SG,Bones Hyland,MIN,,,1.0,0.0,,,,,,236.0,71.0,,16.6,8.51,1.79,2.65,1.63,0.62,0.24,0.99,1.69,0.453,0.78,0.388,2.99,6.59,0.9,1.15,4.21,0.32,1.46,0.0,0.0,604.0,127.0,188.0,478.p.6568
237.0,PF/SF/SG,Brice Sensabaugh,UTA,Q,,3.0,0.0,,,,,,237.0,75.0,,23.5,14.88,3.08,1.91,2.16,0.72,0.16,1.65,1.91,0.46,0.826,0.367,5.25,11.43,2.21,2.68,5.89,0.75,2.33,0.0,0.0,1116.0,231.0,143.0,478.p.10122
238.0,PF/SF,Tristan da Silva,ORL,,,2.0,0.0,,,,,,238.0,77.0,,24.7,9.9,3.69,1.61,1.56,0.88,0.32,0.9,1.52,0.45,0.884,0.374,3.62,8.05,1.09,1.23,4.17,0.75,2.94,0.0,0.0,762.0,284.0,124.0,478.p.10275
239.0,SF/SG,Bradley Beal,LAC,Q,,3.0,0.0,,,,,,239.0,6.0,,20.2,8.17,0.83,1.67,1.17,0.5,0.0,1.5,2.33,0.375,0.75,0.368,3.0,8.0,1.0,1.33,3.17,0.33,0.5,0.0,0.0,49.0,5.0,10.0,478.p.5009
240.0,SF/SG,Gradey Dick,LAC,,,2.0,0.0,,,,,,240.0,76.0,,14.0,5.99,1.93,0.67,0.74,0.59,0.09,0.57,1.33,0.419,0.875,0.301,2.12,5.05,1.01,1.16,2.45,0.55,1.38,1.0,0.0,455.0,147.0,51.0,478.p.10101
241.0,PG/SG,Bub Carrington,WAS,,,2.0,0.0,,,,,,241.0,82.0,,27.7,10.71,3.37,4.65,2.06,0.63,0.21,2.33,2.24,0.424,0.73,0.408,3.83,9.04,0.99,1.35,5.05,0.4,2.96,0.0,0.0,878.0,276.0,381.0,478.p.10273
242.0,SG,Brayden Burries,MIL,,,7.0,0.0,,,,,,242.0,,,,,,,,,,,,,,,,,,,,,,,,,,,478.p.10576
243.0,PG,Kingston Flemings,ATL,,,4.0,0.0,,,,,,243.0,,,,,,,,,,,,,,,,,,,,,,,,,,,478.p.10574
244.0,PF,Allen Graves,TOR,Q,,2.0,0.0,,,,,,244.0,,,,,,,,,,,,,,,,,,,,,,,,,,,478.p.10570
245.0,C/PF,Marvin Bagley III,DEN,,,2.0,0.0,,,,,,245.0,60.0,,20.0,10.45,6.1,1.42,0.4,0.47,0.72,1.02,2.05,0.618,0.66,0.462,4.23,6.85,1.58,2.4,0.87,2.5,3.6,6.0,0.0,627.0,366.0,85.0,478.p.5959
246.0,C,Ryan Kalkbrenner,CHA,,,6.0,0.0,,,,,,246.0,69.0,,21.4,7.55,5.46,0.78,0.0,0.46,1.46,0.9,1.55,0.753,0.716,0.0,3.17,4.22,1.2,1.68,0.07,2.42,3.04,3.0,0.0,521.0,377.0,54.0,478.p.10476
247.0,PF/SF,Khris Middleton,WAS,Q,,2.0,0.0,,,,,,247.0,63.0,,22.8,10.16,3.67,2.79,1.06,0.65,0.14,1.71,2.29,0.42,0.875,0.36,3.6,8.57,1.89,2.16,2.95,0.81,2.86,2.0,0.0,640.0,231.0,176.0,478.p.5073
248.0,C,Aday Mara,OKC,,,13.0,0.0,108.9,11.3,0.0,0.03,108.7,248.0,,,,,,,,,,,,,,,,,,,,,,,,,,,478.p.10579
249.0,SF/SG,Aaron Wiggins,ATL,,,5.0,0.0,,,,,,249.0,65.0,,21.8,9.4,3.06,1.68,1.48,0.92,0.43,1.25,1.28,0.431,0.736,0.356,3.55,8.25,0.82,1.11,4.15,0.63,2.43,0.0,0.0,611.0,199.0,109.0,478.p.6597
250.0,PG/SG,De'Anthony Melton,GSW,Q,,4.0,0.0,,,,,,250.0,49.0,,23.0,12.29,3.22,2.55,1.47,1.57,0.41,1.86,1.86,0.407,0.826,0.294,4.39,10.78,2.04,2.47,5.0,0.8,2.43,0.0,0.0,602.0,158.0,125.0,478.p.6057
251.0,C,Zach Collins,CHI,Q,,1.0,0.0,,,,,,251.0,10.0,,18.4,9.7,5.6,1.5,0.9,0.2,0.4,1.0,1.8,0.578,0.7,0.429,3.7,6.4,1.4,2.0,2.1,1.6,4.0,1.0,0.0,97.0,56.0,15.0,478.p.5823
252.0,SF/SG,Donte DiVincenzo,MIN,O,,7.0,0.0,,,,,,252.0,82.0,,30.4,12.2,4.1,3.82,2.98,1.27,0.41,1.44,2.4,0.406,0.743,0.379,4.13,10.18,0.95,1.28,7.85,0.82,3.28,1.0,0.0,1000.0,336.0,313.0,478.p.6028
253.0,SF/SG,Max Christie,DAL,,,5.0,0.0,,,,,,253.0,77.0,,29.1,12.27,3.23,1.96,2.34,0.61,0.35,1.25,1.27,0.441,0.899,0.404,4.16,9.42,1.62,1.81,5.79,0.19,3.04,0.0,0.0,945.0,249.0,151.0,478.p.6725
254.0,C,Luke Kornet,SAS,,,3.0,0.0,,,,,,254.0,68.0,,21.0,6.53,6.09,1.85,0.0,0.47,0.96,0.41,1.76,0.643,0.825,,2.57,4.0,1.38,1.68,0.0,2.66,3.43,3.0,0.0,444.0,414.0,126.0,478.p.5903
255.0,SF/SG,Isaiah Joe,DET,,,5.0,0.0,,,,,,255.0,71.0,,21.2,11.06,2.55,1.32,2.55,0.7,0.15,0.63,1.7,0.455,0.894,0.423,3.48,7.65,1.55,1.73,6.03,0.46,2.08,0.0,0.0,785.0,181.0,94.0,478.p.6441
256.0,PF/SF,Justin Champagnie,WAS,,,1.0,0.0,,,,,,256.0,69.0,,20.0,8.65,5.57,1.22,0.77,0.86,0.62,0.65,1.65,0.502,0.784,0.319,3.36,6.7,1.16,1.48,2.41,2.1,3.46,4.0,0.0,597.0,384.0,84.0,478.p.6632
257.0,SF/SG,Keon Ellis,BKN,,,3.0,0.0,,,,,,257.0,72.0,,20.5,6.67,1.88,1.0,1.26,1.15,0.64,0.57,1.86,0.44,0.729,0.363,2.35,5.33,0.71,0.97,3.49,0.53,1.35,0.0,0.0,480.0,135.0,72.0,478.p.6753
258.0,SF/SG,Javonte Green,DET,,,1.0,0.0,,,,,,258.0,82.0,,17.6,6.94,2.8,0.68,1.15,1.24,0.3,0.55,1.3,0.447,0.84,0.381,2.26,5.05,1.28,1.52,3.01,0.76,2.05,1.0,0.0,569.0,230.0,56.0,478.p.6269
259.0,SF/SG,Luke Kennard,PHX,,,3.0,0.0,,,,,,259.0,78.0,,21.6,8.36,2.33,2.23,1.5,0.71,0.1,0.77,1.29,0.533,0.913,0.478,3.03,5.68,0.81,0.88,3.14,0.41,1.92,1.0,1.0,652.0,182.0,174.0,478.p.5825
260.0,PF,Harrison Barnes,SAS,,,1.0,0.0,,,,,,260.0,77.0,,25.8,9.94,2.77,1.92,1.81,0.65,0.16,0.79,1.1,0.456,0.829,0.388,3.4,7.47,1.32,1.6,4.65,0.81,1.96,0.0,0.0,765.0,213.0,148.0,478.p.5013
261.0,PF/SF/SG,Moses Moody,GSW,O,,4.0,0.0,,,,,,261.0,60.0,,25.7,12.13,3.33,1.63,2.52,0.97,0.57,0.95,2.03,0.44,0.77,0.401,4.08,9.28,1.45,1.88,6.28,0.85,2.48,0.0,0.0,728.0,200.0,98.0,478.p.6556
262.0,PG/SF/SG,AJ Green,MIL,,,3.0,0.0,109.8,11.4,0.0,0.02,109.9,262.0,78.0,,29.1,10.37,2.73,1.95,2.97,0.5,0.1,0.96,2.29,0.424,0.855,0.419,3.36,7.92,0.68,0.79,7.1,0.37,2.36,0.0,0.0,809.0,213.0,152.0,478.p.6755
263.0,PG/SG,Jordan Goodwin,PHX,,,2.0,0.0,,,,,,263.0,70.0,,22.5,8.7,4.87,2.16,1.6,1.51,0.2,0.97,1.9,0.413,0.696,0.371,3.27,7.93,0.56,0.8,4.31,1.97,2.9,2.0,0.0,609.0,341.0,151.0,478.p.6616
264.0,PG/SG,Russell Westbrook,SAC,NA,,1.0,0.0,,,,,,264.0,64.0,,29.0,15.17,5.44,6.66,2.0,1.3,0.19,3.27,2.3,0.427,0.694,0.338,5.59,13.11,1.98,2.86,5.92,1.25,4.19,16.0,6.0,971.0,348.0,426.0,478.p.4390
265.0,C,Goga Bitadze,ORL,,,1.0,0.0,,,,,,265.0,64.0,,15.2,5.86,5.0,1.31,0.03,0.58,0.95,0.67,2.12,0.676,0.711,0.182,2.38,3.52,1.08,1.52,0.17,2.14,2.86,3.0,0.0,375.0,320.0,84.0,478.p.6206
266.0,SF/SG,Gary Payton II,GSW,Q,,1.0,0.0,,,,,,266.0,73.0,,15.6,7.49,3.63,1.68,0.51,0.92,0.29,0.85,1.81,0.583,0.65,0.291,3.32,5.68,0.36,0.55,1.74,1.38,2.25,2.0,0.0,547.0,265.0,123.0,478.p.5739
267.0,PG/SG,Bruce Brown,NYK,,,1.0,0.0,,,,,,267.0,82.0,,24.4,7.91,3.88,2.12,0.7,1.04,0.24,1.11,2.38,0.475,0.762,0.385,3.02,6.37,1.17,1.54,1.8,1.04,2.84,1.0,0.0,649.0,318.0,174.0,478.p.6053
268.0,PF/SF,Jarace Walker,IND,,,2.0,0.0,,,,,,268.0,76.0,,25.7,11.63,5.14,2.53,1.75,0.83,0.34,1.83,1.63,0.419,0.749,0.374,4.04,9.64,1.8,2.41,4.68,0.64,4.5,3.0,0.0,884.0,391.0,192.0,478.p.10103
269.0,PF/SF,Ronald Holland II,DET,,,3.0,0.0,,,,,,269.0,78.0,,19.9,8.21,4.04,1.22,0.64,1.18,0.35,1.23,2.35,0.432,0.805,0.253,3.01,6.97,1.54,1.91,2.54,1.06,2.97,2.0,0.0,640.0,315.0,95.0,478.p.10263
270.0,SF/SG,Sam Merrill,CLE,,,2.0,0.0,,,,,,270.0,52.0,,26.5,12.75,2.56,2.4,3.04,0.63,0.13,0.81,2.44,0.461,0.855,0.421,4.29,9.31,1.13,1.33,7.21,0.54,2.02,1.0,0.0,663.0,133.0,125.0,478.p.6452
271.0,SF/SG,Ziaire Williams,LAL,Q,,1.0,0.0,,,,,,271.0,56.0,,22.9,10.23,2.39,1.07,1.54,1.36,0.38,1.05,2.07,0.425,0.85,0.343,3.29,7.73,2.12,2.5,4.48,0.54,1.86,0.0,0.0,573.0,134.0,60.0,478.p.6552
272.0,PG/SG,Ja'Kobe Walter,TOR,,,2.0,0.0,,,,,,272.0,72.0,,20.5,7.51,2.57,1.19,1.53,1.01,0.19,0.51,2.25,0.446,0.789,0.409,2.5,5.61,0.99,1.25,3.74,0.78,1.79,0.0,0.0,541.0,185.0,86.0,478.p.10278
273.0,PF/SF,Zaccharie Risacher,DAL,,,6.0,0.0,,,,,,273.0,67.0,,22.4,9.57,3.84,1.13,1.42,0.88,0.54,0.87,2.19,0.455,0.644,0.368,3.64,8.0,0.87,1.34,3.85,1.06,2.78,0.0,0.0,641.0,257.0,76.0,478.p.10296
274.0,C/PF,Dominick Barlow,PHI,Q,,1.0,0.0,,,,,,274.0,71.0,,23.8,7.68,4.79,1.23,0.3,0.89,0.75,0.79,2.11,0.539,0.718,0.256,3.03,5.62,1.32,1.85,1.15,1.87,2.92,2.0,0.0,545.0,340.0,87.0,478.p.6791
275.0,SF/SG,John Konchar,NYK,NA,,1.0,0.0,,,,,,275.0,56.0,,19.9,4.43,4.29,2.11,0.5,1.48,0.68,0.62,1.41,0.472,0.727,0.283,1.68,3.55,0.57,0.79,1.77,1.32,2.96,3.0,2.0,248.0,240.0,118.0,478.p.6255
276.0,PG,Jose Alvarado,NYK,,,1.0,0.0,,,,,,276.0,69.0,,19.9,7.39,2.48,3.39,1.46,0.96,0.12,1.12,1.87,0.416,0.761,0.352,2.71,6.51,0.51,0.67,4.16,0.38,2.1,1.0,0.0,510.0,171.0,234.0,478.p.6613
277.0,C,Jonas Valančiūnas,DEN,NA,,1.0,0.0,,,,,,277.0,65.0,,13.4,8.72,5.06,1.2,0.12,0.22,0.57,1.12,2.05,0.582,0.772,0.308,3.49,6.0,1.62,2.09,0.4,1.62,3.45,5.0,0.0,567.0,329.0,78.0,478.p.4886
278.0,PG/SG,Dru Smith,MIA,Q,,1.0,0.0,,,,,,278.0,70.0,,16.3,5.64,2.47,2.57,0.54,1.43,0.3,0.79,1.56,0.415,0.829,0.295,1.93,4.64,1.24,1.5,1.84,0.89,1.59,0.0,0.0,395.0,173.0,180.0,478.p.6652
279.0,SF/SG,Vít Krejčí,POR,,,1.0,0.0,,,,,,279.0,65.0,,21.4,8.46,2.28,1.54,1.97,0.72,0.28,0.63,2.12,0.448,0.745,0.39,2.95,6.6,0.58,0.78,5.05,0.48,1.8,0.0,0.0,550.0,148.0,100.0,478.p.6429
280.0,C,Jaxson Hayes,UTA,,,2.0,0.0,,,,,,280.0,66.0,,18.3,7.53,4.11,0.89,0.05,0.44,0.79,0.47,1.92,0.756,0.653,1.0,3.0,3.97,1.48,2.27,0.05,1.5,2.61,1.0,0.0,497.0,271.0,59.0,478.p.6170
281.0,C,Jock Landale,ATL,,,1.0,0.0,,,,,,281.0,68.0,,22.1,10.56,5.69,1.69,1.09,0.51,0.53,0.88,2.21,0.515,0.635,0.383,4.15,8.06,1.18,1.85,2.84,2.69,3.0,9.0,0.0,718.0,387.0,115.0,478.p.6614
282.0,PF/SF,Dean Wade,PHI,,,1.0,0.0,,,,,,282.0,59.0,,22.3,5.8,4.19,1.49,1.2,0.75,0.39,0.27,1.53,0.439,0.711,0.362,2.07,4.71,0.46,0.64,3.32,0.9,3.29,1.0,0.0,342.0,247.0,88.0,478.p.6256
283.0,C/PF,Karlo Matković,NOP,,,1.0,0.0,,,,,,283.0,62.0,,14.7,5.68,3.69,0.81,0.61,0.4,0.87,0.55,1.69,0.604,0.732,0.422,2.29,3.79,0.48,0.66,1.45,1.16,2.53,1.0,0.0,352.0,229.0,50.0,478.p.6742
284.0,C,Adem Bona,PHI,Q,,3.0,0.0,,,,,,284.0,71.0,,17.4,4.85,4.32,0.45,0.03,0.42,1.15,0.79,2.15,0.595,0.708,0.333,1.85,3.1,1.13,1.59,0.08,1.8,2.52,1.0,0.0,344.0,307.0,32.0,478.p.10335
285.0,SF/SG,Isaac Okoro,CHI,,,1.0,0.0,,,,,,285.0,63.0,,26.9,9.27,2.75,1.59,1.16,0.73,0.46,0.73,2.57,0.46,0.795,0.33,3.35,7.29,1.41,1.78,3.51,1.1,1.65,0.0,0.0,584.0,173.0,100.0,478.p.6397
286.0,PF/SF,Ryan Dunn,PHX,,,1.0,0.0,,,,,,286.0,70.0,,19.4,5.81,4.24,1.46,0.8,0.86,0.41,0.8,1.86,0.453,0.489,0.331,2.34,5.17,0.33,0.67,2.41,1.41,2.83,2.0,0.0,407.0,297.0,102.0,478.p.10292
287.0,PG,Brandon Williams,GSW,,,1.0,0.0,,,,,,287.0,66.0,,22.2,13.02,2.89,3.88,0.55,0.94,0.3,1.89,1.56,0.472,0.793,0.232,4.41,9.35,3.65,4.61,2.35,0.45,2.44,1.0,0.0,859.0,191.0,256.0,478.p.6679
288.0,PF/SF,Nicolas Batum,LAC,NA,,,0.0,,,,,,288.0,74.0,,17.5,3.96,2.49,0.86,1.24,0.64,0.31,0.5,1.35,0.403,0.818,0.404,1.3,3.22,0.12,0.15,3.08,0.31,2.18,0.0,0.0,293.0,184.0,64.0,478.p.4487
289.0,PF/SF,Simone Fontecchio,MIA,,,1.0,0.0,,,,,,289.0,70.0,,16.8,8.53,3.01,1.44,1.76,0.53,0.13,0.7,1.49,0.412,0.843,0.375,2.77,6.73,1.23,1.46,4.69,0.8,2.21,0.0,0.0,597.0,211.0,101.0,478.p.6766
290.0,C/PF,Mouhamed Gueye,ATL,Q,,,0.0,,,,,,290.0,77.0,,15.3,4.44,3.57,0.9,0.52,0.79,0.51,0.43,1.65,0.452,0.645,0.308,1.7,3.77,0.52,0.81,1.69,1.16,2.42,3.0,0.0,342.0,275.0,69.0,478.p.10069
291.0,SF/SG,Kentavious Caldwell-Pope,PHI,,,1.0,0.0,,,,,,291.0,51.0,,21.3,8.39,2.45,2.73,1.08,0.84,0.16,1.2,1.12,0.41,0.913,0.316,2.94,7.18,1.43,1.57,3.41,0.39,2.06,0.0,0.0,428.0,125.0,139.0,478.p.5159
292.0,C,Quinten Post,MEM,,,1.0,0.0,,,,,,292.0,67.0,,17.3,7.66,4.01,1.4,1.39,0.39,0.52,0.84,1.87,0.44,0.791,0.336,2.88,6.55,0.51,0.64,4.13,1.01,3.0,0.0,0.0,513.0,269.0,94.0,478.p.10308
293.0,SF/SG,Terance Mann,BKN,,,1.0,0.0,,,,,,293.0,63.0,,24.3,7.22,3.17,3.02,0.89,0.65,0.24,1.13,2.46,0.457,0.788,0.364,2.67,5.84,1.0,1.27,2.44,1.11,2.06,0.0,0.0,455.0,200.0,190.0,478.p.6236
294.0,SF/SG,Will Richard,GSW,,,1.0,0.0,,,,,,294.0,69.0,,20.0,6.39,2.49,1.35,1.03,1.16,0.13,0.77,1.9,0.468,0.852,0.335,2.35,5.01,0.67,0.78,3.07,0.97,1.52,0.0,0.0,441.0,172.0,93.0,478.p.10485
295.0,C,Clint Capela,HOU,,,1.0,0.0,,,,,,295.0,75.0,,12.3,3.76,4.6,0.67,0.01,0.48,0.84,0.55,0.99,0.52,0.577,0.5,1.57,3.03,0.6,1.04,0.03,2.13,2.47,1.0,0.0,282.0,345.0,50.0,478.p.5336
296.0,SF/SG,Baylor Scheierman,BOS,,,3.0,0.0,,,,,,296.0,77.0,,18.6,5.55,3.49,1.51,1.26,0.55,0.08,0.6,1.4,0.453,0.903,0.399,1.96,4.32,0.36,0.4,3.16,0.74,2.75,4.0,0.0,427.0,269.0,116.0,478.p.10277
297.0,C,Luka Garza,BOS,,,1.0,0.0,,,,,,297.0,69.0,,16.2,8.07,4.07,0.96,0.8,0.39,0.41,0.67,2.33,0.577,0.769,0.433,2.99,5.17,1.3,1.7,1.84,2.26,1.81,2.0,0.0,557.0,281.0,66.0,478.p.6594
298.0,PF/SF,Jordan Walsh,BOS,,,1.0,0.0,,,,,,298.0,68.0,,17.8,5.35,4.0,0.79,0.71,0.72,0.46,0.51,2.01,0.509,0.772,0.384,2.0,3.93,0.65,0.84,1.84,1.25,2.75,2.0,0.0,364.0,272.0,54.0,478.p.10075
299.0,PG/SG,Craig Porter Jr.,CLE,,,1.0,0.0,,,,,,299.0,64.0,,17.9,4.52,3.44,3.2,0.52,0.89,0.59,0.92,1.09,0.45,0.6,0.355,1.81,4.03,0.38,0.62,1.45,1.33,2.11,0.0,0.0,289.0,220.0,205.0,478.p.10145
300.0,SF/SG,Caris LeVert,MIL,,,1.0,0.0,,,,,,300.0,60.0,,19.2,7.38,1.95,2.65,1.0,0.85,0.68,1.37,1.52,0.417,0.679,0.333,2.72,6.52,0.95,1.4,3.0,0.38,1.57,0.0,0.0,443.0,117.0,159.0,478.p.5651
301.0,SF/SG,Sion James,CHA,,,1.0,0.0,,,,,,301.0,82.0,,22.5,5.38,3.5,1.99,1.01,0.63,0.24,0.79,1.8,0.371,0.837,0.352,1.68,4.54,1.0,1.2,2.88,0.6,2.9,0.0,0.0,441.0,287.0,163.0,478.p.10498
302.0,SF/SG,Ben Sheppard,IND,,,,0.0,,,,,,302.0,65.0,,21.4,7.06,3.0,1.75,1.29,0.6,0.09,0.63,1.75,0.434,0.765,0.362,2.58,5.95,0.6,0.78,3.57,0.66,2.34,0.0,0.0,459.0,195.0,114.0,478.p.10113
303.0,PG,Mike Conley,BOS,,,1.0,0.0,,,,,,303.0,54.0,,18.4,4.54,1.72,2.91,1.04,0.65,0.26,0.63,1.56,0.335,0.9,0.337,1.33,3.98,0.83,0.93,3.07,0.33,1.39,0.0,0.0,245.0,93.0,157.0,478.p.4246
304.0,SF/SG,Buddy Hield,CHI,,,1.0,0.0,,,,,,304.0,51.0,,16.1,7.65,2.27,1.39,1.45,0.76,0.18,0.94,1.12,0.437,0.811,0.349,2.8,6.41,0.59,0.73,4.16,0.53,1.75,0.0,0.0,390.0,116.0,71.0,478.p.5637
305.0,C,Thomas Bryant,CLE,,,,0.0,,,,,,305.0,60.0,,12.2,6.17,3.42,0.55,0.78,0.3,0.43,0.47,1.25,0.506,0.803,0.359,2.25,4.45,0.88,1.1,2.18,0.98,2.43,1.0,0.0,370.0,205.0,33.0,478.p.5855
306.0,PF/SF,Justin Edwards,PHI,,,1.0,0.0,,,,,,306.0,64.0,,15.3,6.03,1.47,1.25,1.05,0.84,0.17,0.56,1.42,0.447,0.846,0.372,2.23,5.0,0.52,0.61,2.81,0.41,1.06,0.0,0.0,386.0,94.0,80.0,478.p.10310
307.0,C/PF,Guerschon Yabusele,CHI,NA,,,0.0,,,,,,307.0,67.0,,15.0,5.57,3.49,0.94,1.03,0.39,0.24,0.61,1.21,0.401,0.75,0.352,1.87,4.66,0.81,1.07,2.93,0.84,2.66,4.0,0.0,373.0,234.0,63.0,478.p.5647
308.0,C/PF,Micah Potter,POR,,,,0.0,,,,,,308.0,47.0,,19.3,9.74,4.96,1.47,1.51,0.47,0.32,1.0,1.74,0.515,0.842,0.423,3.21,6.23,1.81,2.15,3.57,1.23,3.72,7.0,0.0,458.0,233.0,69.0,478.p.6655
309.0,PF/SF,Patrick Williams,CHI,,,1.0,0.0,,,,,,309.0,72.0,,20.5,7.01,2.99,1.46,1.32,0.68,0.36,1.04,1.29,0.372,0.72,0.347,2.47,6.64,0.75,1.04,3.81,0.68,2.31,0.0,0.0,505.0,215.0,105.0,478.p.6396
310.0,SF/SG,Jordan Miller,LAC,O,,1.0,0.0,,,,,,310.0,60.0,,22.1,9.97,3.03,2.27,0.63,0.75,0.18,1.05,1.03,0.531,0.777,0.345,3.53,6.65,2.27,2.92,1.83,0.83,2.2,1.0,0.0,598.0,182.0,136.0,478.p.10084
311.0,SF/SG,Gary Trent Jr.,MIL,,,1.0,0.0,,,,,,311.0,65.0,,21.2,8.14,1.03,1.22,1.89,0.52,0.05,0.63,1.31,0.387,0.769,0.36,2.82,7.28,0.62,0.8,5.26,0.12,0.91,0.0,0.0,529.0,67.0,79.0,478.p.6048
312.0,PG,Tyus Jones,DEN,,,1.0,0.0,,,,,,312.0,67.0,,14.6,2.97,1.13,2.37,0.6,0.55,0.04,0.37,0.46,0.349,0.778,0.292,1.13,3.25,0.1,0.13,2.04,0.18,0.96,0.0,0.0,199.0,76.0,159.0,478.p.5484
313.0,PF/SF,Kyle Anderson,TOR,,,,0.0,,,,,,313.0,43.0,,19.8,6.19,3.49,2.93,0.09,1.05,0.6,0.91,2.23,0.53,0.706,0.364,2.49,4.7,1.12,1.58,0.26,0.98,2.51,0.0,0.0,266.0,150.0,126.0,478.p.5341
314.0,C/PF/SF,Olivier-Maxence Prosper,MEM,,,1.0,0.0,,,,,,314.0,53.0,,18.6,10.0,3.53,0.96,1.13,0.75,0.25,0.89,1.57,0.549,0.754,0.405,3.62,6.6,1.62,2.15,2.79,1.11,2.42,1.0,0.0,530.0,187.0,51.0,478.p.10116
315.0,PF/SF,Spencer Jones,DEN,Q,,1.0,0.0,,,,,,315.0,64.0,,22.1,5.5,3.27,0.8,0.89,0.81,0.45,0.48,2.73,0.504,0.608,0.396,2.06,4.09,0.48,0.8,2.25,1.17,2.09,1.0,0.0,352.0,209.0,51.0,478.p.10393
316.0,SF/SG,Corey Kispert,ATL,,,1.0,0.0,,,,,,316.0,58.0,,18.6,9.17,2.28,1.59,1.5,0.28,0.16,0.78,1.03,0.467,0.794,0.367,3.17,6.79,1.33,1.67,4.09,0.47,1.81,0.0,0.0,532.0,132.0,92.0,478.p.6557
317.0,PF/SF,Josh Minott,BKN,,,1.0,0.0,,,,,,317.0,49.0,,17.0,7.43,3.22,0.94,1.31,0.9,0.49,0.88,1.49,0.5,0.787,0.418,2.57,5.14,0.98,1.24,3.12,0.98,2.24,1.0,0.0,364.0,158.0,46.0,478.p.6735
318.0,SF/SG,Josh Okogie,UTA,,,,0.0,,,,,,318.0,78.0,,17.4,4.53,2.56,0.88,0.79,0.81,0.21,0.53,1.37,0.425,0.594,0.385,1.6,3.77,0.53,0.88,2.06,1.04,1.53,1.0,0.0,353.0,200.0,69.0,478.p.6031
319.0,PG/SG,Walter Clayton Jr.,MEM,,,1.0,0.0,,,,,,319.0,69.0,,20.4,7.8,2.01,4.04,1.09,0.64,0.28,1.68,1.72,0.384,0.901,0.307,2.57,6.68,1.58,1.75,3.54,0.36,1.65,1.0,0.0,538.0,139.0,279.0,478.p.10461
320.0,C/PF,Taylor Hendricks,MEM,,,2.0,0.0,,,,,,320.0,59.0,,18.9,7.42,3.75,0.93,1.07,0.85,0.51,0.85,1.68,0.459,0.681,0.342,2.76,6.02,0.83,1.22,3.12,1.1,2.64,2.0,0.0,438.0,221.0,55.0,478.p.10110
321.0,SF/SG,Svi Mykhailiuk,UTA,,,,0.0,,,,,,321.0,50.0,,23.1,9.38,2.48,1.86,1.96,0.52,0.06,0.84,1.26,0.478,0.893,0.408,3.46,7.24,0.5,0.56,4.8,0.72,1.76,0.0,0.0,469.0,124.0,93.0,478.p.6058
322.0,SF/SG,Cody Williams,MIN,,,1.0,0.0,,,,,,322.0,67.0,,24.3,8.78,2.96,2.04,0.42,0.76,0.39,1.09,1.82,0.468,0.706,0.214,3.55,7.6,1.25,1.78,1.96,0.91,2.04,2.0,0.0,588.0,198.0,137.0,478.p.10283
323.0,C/PF,Jarred Vanderbilt,LAL,,,1.0,0.0,,,,,,323.0,65.0,,17.4,4.43,4.49,1.29,0.45,0.85,0.29,0.86,1.6,0.471,0.589,0.293,1.74,3.69,0.51,0.86,1.52,1.23,3.26,1.0,0.0,288.0,292.0,84.0,478.p.6052
324.0,SF/SG,Ochai Agbaji,NYK,P,,,0.0,,,,,,324.0,62.0,,15.7,5.06,2.27,0.76,0.55,0.39,0.27,0.5,1.5,0.436,0.837,0.266,1.97,4.52,0.58,0.69,2.06,0.74,1.53,0.0,0.0,314.0,141.0,47.0,478.p.6704
325.0,SF/SG,Jordan Clarkson,NYK,,,1.0,0.0,,,,,,325.0,72.0,,17.8,8.64,1.76,1.33,0.97,0.42,0.12,0.88,1.71,0.451,0.83,0.327,3.29,7.31,1.08,1.31,2.97,0.86,0.9,0.0,0.0,622.0,127.0,96.0,478.p.5357
326.0,SF/SG,Kris Murray,MEM,,,,0.0,,,,,,326.0,57.0,,23.4,5.81,3.61,1.42,0.6,0.89,0.39,0.82,1.61,0.467,0.684,0.279,2.26,4.84,0.68,1.0,2.14,1.58,2.04,0.0,0.0,331.0,206.0,81.0,478.p.10119
327.0,PF/SF,Nae'Qwan Tomlin,CLE,Q,,,0.0,,,,,,327.0,64.0,,15.7,5.84,2.91,0.83,0.42,0.64,0.53,0.45,1.95,0.478,0.77,0.235,2.34,4.91,0.73,0.95,1.8,1.34,1.56,0.0,0.0,374.0,186.0,53.0,478.p.10397
328.0,C/PF,Jericho Sims,MIL,,,,0.0,,,,,,328.0,67.0,,19.7,4.99,5.52,1.55,0.0,0.28,0.25,1.12,2.18,0.784,0.62,,2.16,2.76,0.66,1.06,0.0,2.19,3.33,6.0,1.0,334.0,370.0,104.0,478.p.6600
329.0,SF/SG,Kobe Sanders,LAC,Q,,1.0,0.0,,,,,,329.0,68.0,,19.9,7.28,2.25,1.6,1.18,0.72,0.15,1.19,2.15,0.466,0.826,0.408,2.63,5.65,0.84,1.01,2.88,0.43,1.82,0.0,0.0,495.0,153.0,109.0,478.p.10470
330.0,PF/SF,Obi Toppin,IND,,,3.0,0.0,,,,,,330.0,24.0,,17.7,11.62,4.42,2.29,1.54,0.5,0.04,1.17,1.17,0.503,0.913,0.352,4.17,8.29,1.75,1.92,4.38,0.54,3.88,0.0,0.0,279.0,106.0,55.0,478.p.6400
331.0,C/PF,Danny Wolf,BKN,,,1.0,0.0,,,,,,331.0,57.0,,20.8,8.91,4.93,2.23,1.19,0.53,0.56,1.28,2.21,0.405,0.771,0.322,3.12,7.72,1.47,1.91,3.7,1.0,3.93,2.0,0.0,508.0,281.0,127.0,478.p.10456
332.0,PG/SG,Pat Spencer,PHX,,,,0.0,,,,,,332.0,66.0,,18.6,7.21,2.39,3.52,0.91,0.73,0.08,1.29,1.14,0.427,0.772,0.357,2.82,6.61,0.67,0.86,2.55,0.77,1.62,1.0,0.0,476.0,158.0,232.0,478.p.6772
333.0,SF/SG,Josh Green,UTA,,,,0.0,,,,,,333.0,58.0,,15.7,4.29,1.76,0.81,1.0,0.6,0.1,0.6,1.1,0.459,0.893,0.42,1.43,3.12,0.43,0.48,2.38,0.78,0.98,0.0,0.0,249.0,102.0,47.0,478.p.6410
334.0,SF/SG,Julian Strawther,DEN,,,1.0,0.0,,,,,,334.0,57.0,,15.1,7.25,2.0,1.07,1.02,0.44,0.11,0.63,1.28,0.467,0.814,0.387,2.61,5.6,1.0,1.23,2.63,0.21,1.79,0.0,0.0,413.0,114.0,61.0,478.p.10112
335.0,SF/SG,Jamir Watkins,WAS,O,,,0.0,,,,,,335.0,50.0,,20.6,7.36,3.88,1.34,0.94,1.08,0.5,0.8,2.58,0.446,0.695,0.297,2.64,5.92,1.14,1.64,3.16,0.98,2.9,0.0,0.0,368.0,194.0,67.0,478.p.10489
336.0,C/PF,Kenrich Williams,OKC,,,,0.0,,,,,,336.0,56.0,,15.3,6.48,3.34,1.41,0.89,0.55,0.09,0.77,1.05,0.473,0.635,0.388,2.5,5.29,0.59,0.93,2.3,1.05,2.29,1.0,0.0,363.0,187.0,79.0,478.p.6076
337.0,PF/SF,Taurean Prince,DET,,,,0.0,,,,,,337.0,26.0,,23.5,9.19,3.12,1.77,2.35,0.62,0.23,1.19,1.85,0.45,1.0,0.436,3.31,7.35,0.23,0.23,5.38,0.15,2.96,2.0,0.0,239.0,81.0,46.0,478.p.5643
338.0,SF/SG,Landry Shamet,NYK,,,1.0,0.0,,,,,,338.0,51.0,,23.0,9.31,1.8,1.41,2.02,0.61,0.18,0.59,1.51,0.437,0.711,0.392,3.12,7.14,1.06,1.49,5.16,0.45,1.35,0.0,0.0,475.0,92.0,72.0,478.p.6037
339.0,C,Tristan Vukcevic,WAS,O,,1.0,0.0,,,,,,339.0,49.0,,13.7,9.0,3.0,1.12,1.02,0.47,0.67,1.27,1.67,0.479,0.784,0.347,3.1,6.47,1.78,2.27,2.94,0.65,2.35,1.0,0.0,441.0,147.0,55.0,478.p.10078
340.0,C/PF,Anthony Gill,WAS,,,,0.0,,,,,,340.0,55.0,,17.3,5.84,2.87,1.25,0.31,0.56,0.38,0.65,1.6,0.628,0.739,0.354,2.45,3.91,0.62,0.84,0.87,1.05,1.82,0.0,0.0,321.0,158.0,69.0,478.p.6471
341.0,PG/SG,Javon Small,MEM,,,1.0,0.0,,,,,,341.0,41.0,,20.2,9.66,3.12,3.68,1.46,0.83,0.22,1.37,1.59,0.465,0.829,0.423,3.27,7.02,1.66,2.0,3.46,0.88,2.24,0.0,0.0,396.0,128.0,151.0,478.p.10494
342.0,PG/SG,Kasparas Jakučionis,MIL,,,2.0,0.0,,,,,,342.0,53.0,,17.8,6.19,2.6,2.58,1.25,0.62,0.13,0.94,1.87,0.429,0.879,0.423,1.92,4.49,1.09,1.25,2.94,0.81,1.79,0.0,0.0,328.0,138.0,137.0,478.p.10452
343.0,SF/SG,Matisse Thybulle,LAL,,,1.0,0.0,,,,,,343.0,30.0,,16.0,5.8,1.97,0.9,1.23,2.0,0.53,0.93,1.43,0.433,0.84,0.398,1.93,4.47,0.7,0.83,3.1,0.57,1.4,0.0,0.0,174.0,59.0,27.0,478.p.6208
344.0,PG/SG,Quenton Jackson,IND,,,,0.0,,,,,,344.0,49.0,,18.3,9.14,2.33,2.86,0.86,0.63,0.12,1.27,1.67,0.47,0.824,0.356,3.14,6.69,2.0,2.43,2.41,0.57,1.76,1.0,0.0,448.0,114.0,140.0,478.p.6776
345.0,SF/SG,Hugo González,BOS,,,2.0,0.0,,,,,,345.0,74.0,,14.6,3.91,3.32,0.54,0.57,0.57,0.28,0.51,1.68,0.476,0.5,0.362,1.58,3.32,0.18,0.35,1.57,0.84,2.49,2.0,0.0,289.0,246.0,40.0,478.p.10459
346.0,PG/SG,Jevon Carter,ORL,,,,0.0,,,,,,346.0,53.0,,16.4,6.4,1.68,1.64,1.47,0.75,0.19,0.68,1.08,0.401,0.789,0.363,2.32,5.79,0.28,0.36,4.06,0.26,1.42,0.0,0.0,339.0,89.0,87.0,478.p.6043
347.0,C,Dwight Powell,DAL,,,,0.0,,,,,,347.0,63.0,,14.3,3.33,4.08,1.08,0.03,0.54,0.33,0.65,2.11,0.644,0.696,0.286,1.03,1.6,1.24,1.78,0.11,1.52,2.56,3.0,0.0,210.0,257.0,68.0,478.p.5356
348.0,SF/SG,Rayan Rupert,PHI,,,,0.0,,,,,,348.0,64.0,,16.8,5.19,2.94,1.06,0.69,0.86,0.14,0.86,1.94,0.393,0.778,0.324,1.92,4.89,0.66,0.84,2.12,0.75,2.19,3.0,1.0,332.0,188.0,68.0,478.p.10064
349.0,PG/SG,Lonzo Ball,CLE,NA,,,0.0,,,,,,349.0,35.0,,20.8,4.57,4.0,3.89,1.14,1.29,0.26,1.49,1.31,0.301,0.667,0.272,1.51,5.03,0.4,0.6,4.2,0.74,3.26,0.0,0.0,160.0,140.0,136.0,478.p.5764
350.0,PF,Trendon Watford,NOP,,,,0.0,,,,,,350.0,53.0,,16.3,6.53,3.3,2.49,0.19,0.3,0.42,1.21,2.02,0.515,0.779,0.2,2.6,5.06,1.13,1.45,0.94,0.72,2.58,1.0,1.0,346.0,175.0,132.0,478.p.6604
351.0,PF/SF,Ousmane Dieng,MIL,,,2.0,0.0,,,,,,351.0,57.0,,19.3,7.56,3.16,2.39,1.11,0.44,0.3,1.32,1.37,0.422,0.711,0.341,2.95,6.98,0.56,0.79,3.25,0.51,2.65,5.0,0.0,431.0,180.0,136.0,478.p.6701
352.0,PF/SF,Kobe Brown,IND,,,,0.0,,,,,,352.0,61.0,,15.8,5.79,3.03,1.31,0.85,0.38,0.2,0.87,1.13,0.469,0.797,0.374,2.08,4.44,0.77,0.97,2.28,1.11,1.92,0.0,0.0,353.0,185.0,80.0,478.p.10117
353.0,PF,Jabari Walker,PHI,,,,0.0,,,,,,353.0,64.0,,11.9,4.31,3.0,0.53,0.5,0.36,0.2,0.42,1.61,0.455,0.735,0.337,1.52,3.33,0.78,1.06,1.48,1.12,1.88,2.0,0.0,276.0,192.0,34.0,478.p.6747
354.0,PG,Ryan Nembhard,DEN,,,,0.0,,,,,,354.0,60.0,,19.5,6.62,2.22,5.27,0.8,0.42,0.03,1.42,1.43,0.415,0.806,0.356,2.7,6.5,0.42,0.52,2.25,0.22,2.0,4.0,0.0,397.0,133.0,316.0,478.p.10511
355.0,PF/SF,Sidy Cissoko,POR,,,,0.0,,,,,,355.0,75.0,,19.1,5.11,2.21,1.47,0.79,0.69,0.33,0.93,2.44,0.398,0.659,0.298,1.77,4.45,0.77,1.17,2.64,0.83,1.39,0.0,0.0,383.0,166.0,110.0,478.p.10051
356.0,C/PF,Grant Williams,CHA,Q,,,0.0,,,,,,356.0,36.0,,19.8,7.0,3.94,1.56,1.44,0.47,0.5,0.86,1.56,0.426,0.815,0.388,2.17,5.08,1.22,1.5,3.72,1.28,2.67,0.0,0.0,252.0,142.0,56.0,478.p.6210
357.0,PG/SG,Jaden Ivey,CHI,NA,,,0.0,,,,,,357.0,37.0,,18.1,8.54,2.46,1.84,1.35,0.62,0.38,1.11,1.43,0.445,0.809,0.373,3.08,6.92,1.03,1.27,3.62,0.65,1.81,0.0,0.0,316.0,91.0,68.0,478.p.6695
358.0,SF/SG,Jaylen Clark,MIN,,,,0.0,,,,,,358.0,68.0,,13.1,4.04,1.76,0.63,0.49,0.69,0.13,0.34,1.28,0.434,0.657,0.327,1.46,3.35,0.65,0.99,1.49,0.79,0.97,0.0,0.0,275.0,120.0,43.0,478.p.10086
359.0,PG/SG,Drake Powell,BKN,,,,0.0,,,,,,359.0,63.0,,21.0,6.48,1.76,1.44,0.81,0.57,0.22,0.95,1.41,0.402,0.896,0.28,2.29,5.68,1.1,1.22,2.89,0.33,1.43,0.0,0.0,408.0,111.0,91.0,478.p.10457
360.0,PG,Aaron Holiday,HOU,NA,,,0.0,,,,,,360.0,57.0,,13.7,5.47,1.02,1.05,1.18,0.47,0.09,0.67,1.26,0.417,0.854,0.394,1.84,4.42,0.61,0.72,2.98,0.23,0.79,0.0,0.0,312.0,58.0,60.0,478.p.6034
361.0,C/PF,Jonathan Isaac,ORL,Q,,,0.0,,,,,,361.0,52.0,,10.0,2.58,2.54,0.42,0.13,0.38,0.6,0.35,0.79,0.422,0.603,0.184,0.88,2.1,0.67,1.12,0.73,0.83,1.71,0.0,0.0,134.0,132.0,22.0,478.p.5768
362.0,PF/SF,Leonard Miller,CHI,,,,0.0,,,,,,362.0,46.0,,15.6,7.85,3.93,0.87,0.7,0.37,0.33,0.78,1.41,0.553,0.736,0.323,3.15,5.7,0.85,1.15,2.15,1.17,2.76,3.0,0.0,361.0,181.0,40.0,478.p.10050
363.0,PG/SG,Gabe Vincent,ATL,NA,,,0.0,,,,,,363.0,53.0,,16.6,4.36,1.02,1.43,1.11,0.51,0.06,0.51,1.49,0.352,0.87,0.341,1.43,4.08,0.38,0.43,3.26,0.32,0.7,0.0,0.0,231.0,54.0,76.0,478.p.6353
364.0,C/PF,Kevin Love,UTA,NA,,,0.0,,,,,,364.0,37.0,,16.6,6.7,5.81,1.81,1.43,0.38,0.24,0.81,1.46,0.397,0.841,0.373,2.14,5.38,1.0,1.19,3.84,1.49,4.32,2.0,0.0,248.0,215.0,67.0,478.p.4391
365.0,PG/SG,Cameron Payne,PHI,NA,,,0.0,,,,,,365.0,22.0,,17.0,7.41,2.0,2.64,1.45,1.09,0.32,0.5,1.36,0.376,0.864,0.33,2.55,6.77,0.86,1.0,4.41,0.14,1.86,1.0,0.0,163.0,44.0,58.0,478.p.5474
366.0,PG/SG,Vince Williams Jr.,UTA,NA,,,0.0,,,,,,366.0,40.0,,20.5,7.5,3.88,4.15,1.38,0.72,0.4,1.75,2.0,0.353,0.78,0.311,2.58,7.3,0.97,1.25,4.42,0.97,2.9,1.0,0.0,300.0,155.0,166.0,478.p.6737
367.0,SF/SG,Tyrese Martin,PHI,NA,,,0.0,,,,,,367.0,46.0,,16.9,6.3,2.52,1.7,1.15,0.54,0.13,0.87,0.72,0.394,0.679,0.321,2.37,6.02,0.41,0.61,3.59,0.74,1.78,0.0,0.0,290.0,116.0,78.0,478.p.6741
368.0,PF/SF,Caleb Martin,DAL,,,,0.0,,,,,,368.0,58.0,,14.8,3.91,2.47,1.4,0.34,0.69,0.26,0.69,1.48,0.45,0.607,0.351,1.47,3.26,0.64,1.05,0.98,0.48,1.98,0.0,0.0,227.0,143.0,81.0,478.p.6275
369.0,C/PF,Jeremy Sochan,POR,,,,0.0,,,,,,369.0,44.0,,10.7,3.59,2.43,0.91,0.25,0.39,0.16,0.48,1.41,0.496,0.731,0.244,1.45,2.93,0.43,0.59,1.02,0.84,1.59,0.0,0.0,158.0,107.0,40.0,478.p.6699
370.0,SF/SG,Jett Howard,DAL,,,,0.0,,,,,,370.0,55.0,,12.6,5.47,1.58,0.82,0.98,0.18,0.2,0.27,1.2,0.418,0.949,0.372,1.91,4.56,0.67,0.71,2.64,0.42,1.16,0.0,0.0,301.0,87.0,45.0,478.p.10106
371.0,SF/SG,Bryce McGowens,NOP,,,,0.0,,,,,,371.0,42.0,,21.0,8.1,2.1,1.48,0.9,0.64,0.19,0.4,2.1,0.481,0.779,0.409,2.71,5.64,1.76,2.26,2.21,0.29,1.81,0.0,0.0,340.0,88.0,62.0,478.p.6730
372.0,C/PF,Zeke Nnaji,DEN,,,,0.0,,,,,,372.0,52.0,,12.0,3.65,2.62,0.56,0.27,0.33,0.46,0.52,1.37,0.47,0.773,0.259,1.37,2.9,0.65,0.85,1.04,0.63,1.98,2.0,0.0,190.0,136.0,29.0,478.p.6414
373.0,PG/SG,Jalen Pickett,LAC,,,,0.0,,,,,,373.0,50.0,,16.1,5.2,2.28,2.3,0.98,0.26,0.1,0.68,0.84,0.422,0.789,0.386,1.96,4.64,0.3,0.38,2.54,0.36,1.92,0.0,0.0,260.0,114.0,115.0,478.p.10074
374.0,SF/SG,Daeqwon Plowden,SAC,,,,0.0,,,,,,374.0,32.0,,26.4,10.75,3.03,1.28,1.94,0.72,0.22,0.81,2.44,0.43,0.857,0.333,3.75,8.72,1.31,1.53,5.81,1.03,2.0,0.0,0.0,344.0,97.0,41.0,478.p.6786
375.0,PF/SF,Jalen Wilson,ATL,,,,0.0,,,,,,375.0,54.0,,15.9,6.35,2.11,0.93,1.0,0.41,0.04,0.7,1.57,0.396,0.719,0.355,2.04,5.15,1.28,1.78,2.81,0.31,1.8,0.0,0.0,343.0,114.0,50.0,478.p.10077
376.0,C,Nick Richards,MIA,,,1.0,0.0,,,,,,376.0,48.0,,14.6,5.75,5.06,0.33,0.1,0.21,0.67,1.23,1.83,0.512,0.644,0.278,2.15,4.19,1.35,2.1,0.38,1.6,3.46,4.0,0.0,276.0,243.0,16.0,478.p.6434
377.0,SF/SG,Dalton Knecht,LAL,Q,,1.0,0.0,,,,,,377.0,54.0,,10.2,4.22,1.39,0.39,0.7,0.2,0.2,0.43,0.83,0.455,0.727,0.342,1.61,3.54,0.3,0.41,2.06,0.26,1.13,0.0,0.0,228.0,75.0,21.0,478.p.10291
378.0,C,Branden Carlson,POR,,,,0.0,,,,,,378.0,42.0,,11.6,5.76,2.95,0.69,0.74,0.19,0.64,0.38,0.86,0.527,0.577,0.36,2.33,4.43,0.36,0.62,2.05,0.69,2.26,3.0,0.0,242.0,124.0,29.0,478.p.10342
379.0,PF/SF,Dorian Finney-Smith,ATL,,,,0.0,,,,,,379.0,37.0,,16.8,3.32,2.51,0.97,0.73,0.43,0.16,0.59,1.65,0.333,0.889,0.27,1.19,3.57,0.22,0.24,2.7,0.95,1.57,0.0,0.0,123.0,93.0,36.0,478.p.5693
380.0,PG,Nolan Traore,BKN,,,1.0,0.0,,,,,,380.0,56.0,,22.2,8.91,1.77,3.8,1.09,0.8,0.41,2.3,2.12,0.38,0.787,0.318,3.25,8.55,1.32,1.68,3.43,0.25,1.52,1.0,0.0,499.0,99.0,213.0,478.p.10455
381.0,PF/SF,Micah Peavy,MEM,Q,,,0.0,,,,,,381.0,61.0,,15.0,4.3,1.92,1.0,0.46,0.7,0.15,0.33,1.57,0.385,0.759,0.259,1.74,4.51,0.36,0.48,1.77,0.75,1.16,0.0,0.0,262.0,117.0,61.0,478.p.10497
382.0,SF/SG,Dalen Terry,GSW,,,,0.0,,,,,,382.0,48.0,,11.5,3.67,1.79,1.38,0.5,0.6,0.31,0.54,1.02,0.439,0.533,0.364,1.42,3.23,0.33,0.62,1.38,0.54,1.25,0.0,0.0,176.0,86.0,66.0,478.p.6708
383.0,SF/SG,Amir Coffey,PHX,NA,,,0.0,,,,,,383.0,46.0,,10.7,3.24,1.24,0.59,0.37,0.2,0.11,0.2,0.65,0.487,0.786,0.347,1.2,2.46,0.48,0.61,1.07,0.41,0.83,0.0,0.0,149.0,57.0,27.0,478.p.6315
384.0,PG/SF/SG,Jaden Hardy,LAL,,,,0.0,,,,,,384.0,57.0,,15.8,9.18,1.51,1.02,1.82,0.28,0.11,1.09,1.56,0.424,0.733,0.397,3.19,7.53,0.96,1.32,4.6,0.26,1.25,0.0,0.0,523.0,86.0,58.0,478.p.6727
385.0,PF/SF,Carter Bryant,SAS,,,2.0,0.0,,,,,,385.0,71.0,,11.5,4.2,2.51,0.66,0.73,0.23,0.32,0.46,1.32,0.408,0.714,0.335,1.52,3.73,0.42,0.59,2.18,0.54,1.97,0.0,0.0,298.0,178.0,47.0,478.p.10466
386.0,PG,Cole Anthony,PHX,NA,,,0.0,,,,,,386.0,35.0,,15.1,6.69,2.49,3.46,0.63,0.57,0.31,1.86,2.09,0.424,0.615,0.306,2.8,6.6,0.46,0.74,2.06,0.46,2.03,0.0,0.0,234.0,87.0,121.0,478.p.6407
387.0,PG/SG,Tyler Kolek,NYK,,,,0.0,,,,,,387.0,62.0,,11.7,4.42,1.58,2.74,0.71,0.35,0.06,0.89,1.05,0.435,0.7,0.386,1.74,4.0,0.23,0.32,1.84,0.26,1.32,2.0,0.0,274.0,98.0,170.0,478.p.10314
388.0,PF/SF,Pete Nance,MIL,,,,0.0,,,,,,388.0,47.0,,15.7,5.4,2.66,1.02,1.06,0.3,0.3,0.55,1.32,0.515,0.364,0.42,2.13,4.13,0.09,0.23,2.53,0.57,2.09,1.0,0.0,254.0,125.0,48.0,478.p.10168
389.0,PG/SG,Caleb Love,PHI,,,,0.0,,,,,,389.0,49.0,,20.7,10.39,2.33,2.51,1.9,0.55,0.08,1.27,0.98,0.388,0.735,0.318,3.88,10.0,0.73,1.0,5.96,0.51,1.82,0.0,0.0,509.0,114.0,123.0,478.p.10508
390.0,PF/SF,Noah Penda,ORL,Q,,,0.0,,,,,,390.0,59.0,,12.8,3.85,3.17,1.19,0.51,0.51,0.31,0.71,1.19,0.404,0.688,0.323,1.39,3.44,0.56,0.81,1.58,1.14,2.03,2.0,0.0,227.0,187.0,70.0,478.p.10479
391.0,SF/SG,Gary Harris,DET,NA,,,0.0,,,,,,391.0,48.0,,13.8,2.67,1.27,1.06,0.58,0.56,0.19,0.4,1.1,0.442,0.889,0.412,0.96,2.17,0.17,0.19,1.42,0.33,0.94,0.0,0.0,128.0,61.0,51.0,478.p.5330
392.0,C/PF,Tidjane Salaün,CHA,,,,0.0,,,,,,392.0,37.0,,15.5,6.0,4.03,0.73,0.97,0.43,0.19,0.7,1.46,0.503,0.65,0.434,2.16,4.3,0.7,1.08,2.24,0.7,3.32,1.0,0.0,222.0,149.0,27.0,478.p.10295
393.0,PG/SG,Rob Dillingham,CHA,NA,,1.0,0.0,,,,,,393.0,65.0,,14.9,6.29,2.02,2.2,0.65,0.72,0.09,1.54,1.75,0.396,0.745,0.316,2.51,6.34,0.63,0.85,2.05,0.29,1.72,0.0,0.0,409.0,131.0,143.0,478.p.10281
394.0,PG,Jamaree Bouyea,PHX,,,,0.0,,,,,,394.0,46.0,,14.0,5.72,1.78,1.78,0.5,0.63,0.35,0.65,0.83,0.458,0.686,0.295,2.35,5.13,0.52,0.76,1.7,0.39,1.39,0.0,0.0,263.0,82.0,82.0,478.p.6800
395.0,PG,Marcus Sasser,DAL,,,,0.0,,,,,,395.0,38.0,,12.0,5.18,1.03,1.97,1.16,0.53,0.11,0.82,1.08,0.39,0.833,0.415,1.82,4.66,0.39,0.47,2.79,0.18,0.84,0.0,0.0,197.0,39.0,75.0,478.p.10114
396.0,C/PF,Kevon Looney,LAL,,,1.0,0.0,,,,,,396.0,21.0,,14.7,2.81,5.62,1.62,0.1,0.43,0.48,0.43,1.62,0.417,0.7,0.154,1.19,2.86,0.33,0.48,0.62,2.29,3.33,0.0,0.0,59.0,118.0,34.0,478.p.5490
397.0,C,Steven Adams,HOU,,,1.0,0.0,,,,,,397.0,32.0,,22.8,5.84,8.62,1.5,0.0,0.69,0.62,1.09,1.72,0.504,0.58,,2.19,4.34,1.47,2.53,0.0,4.53,4.09,3.0,0.0,187.0,276.0,48.0,478.p.5163
398.0,SF/SG,Jordan Hawkins,CHI,,,,0.0,,,,,,398.0,51.0,,13.6,5.06,1.73,0.82,0.92,0.25,0.2,0.67,0.59,0.366,0.852,0.348,1.84,5.04,0.45,0.53,2.65,0.39,1.33,0.0,0.0,258.0,88.0,42.0,478.p.10098
399.0,PG/SG,D'Angelo Russell,MEM,NA,,,0.0,,,,,,399.0,26.0,,19.0,10.15,2.35,4.0,1.27,0.46,0.08,1.88,1.15,0.405,0.717,0.295,3.62,8.92,1.65,2.31,4.31,0.31,2.04,1.0,0.0,264.0,61.0,104.0,478.p.5433
400.0,PF/SF,Julian Phillips,HOU,,,,0.0,,,,,,400.0,48.0,,8.9,2.92,1.02,0.21,0.42,0.46,0.15,0.23,0.9,0.421,0.783,0.308,1.06,2.52,0.38,0.48,1.35,0.48,0.54,0.0,0.0,140.0,49.0,10.0,478.p.10083
401.0,PF/SF,Jamison Battle,TOR,Q,,,0.0,,,,,,401.0,61.0,,8.5,3.15,1.46,0.39,0.57,0.11,0.05,0.31,0.69,0.51,0.643,0.412,1.21,2.38,0.15,0.23,1.39,0.33,1.13,0.0,0.0,192.0,89.0,24.0,478.p.10391
402.0,C,Drew Eubanks,NYK,Q,,,0.0,,,,,,402.0,42.0,,13.1,5.21,3.02,0.45,0.02,0.36,0.62,0.71,1.36,0.596,0.561,0.143,2.21,3.71,0.76,1.36,0.17,0.93,2.1,1.0,0.0,219.0,127.0,19.0,478.p.6109
403.0,PG,Keaton Wallace,ATL,NA,,,0.0,,,,,,403.0,53.0,,10.1,3.51,1.06,1.77,0.72,0.45,0.09,0.53,0.91,0.398,0.667,0.373,1.28,3.23,0.23,0.34,1.92,0.06,1.0,0.0,0.0,186.0,56.0,94.0,478.p.10053
404.0,PG/SG,Cam Thomas,MIL,NA,,1.0,0.0,,,,,,404.0,42.0,,21.0,13.5,1.69,2.57,1.24,0.21,0.1,1.76,1.02,0.41,0.811,0.31,4.5,10.98,3.26,4.02,4.0,0.26,1.43,0.0,0.0,567.0,71.0,108.0,478.p.6569
405.0,PG,Sharife Cooper,WAS,NA,,,0.0,,,,,,405.0,41.0,,17.1,8.12,2.1,3.02,0.71,0.39,0.12,1.49,1.49,0.514,0.833,0.382,3.1,6.02,1.22,1.46,1.85,0.44,1.66,0.0,0.0,333.0,86.0,124.0,478.p.6590
406.0,C,Moritz Wagner,BKN,,,2.0,0.0,,,,,,406.0,36.0,,11.9,6.86,3.19,0.75,0.61,0.42,0.06,0.53,1.61,0.426,0.819,0.314,2.31,5.42,1.64,2.0,1.94,0.75,2.44,0.0,0.0,247.0,115.0,27.0,478.p.6036
407.0,PG/SG,Devin Carter,BOS,,,,0.0,,,,,,407.0,38.0,,18.4,8.92,3.29,2.66,0.79,0.89,0.24,1.42,1.32,0.414,0.713,0.263,3.18,7.68,1.76,2.47,3.0,0.95,2.34,0.0,0.0,339.0,125.0,101.0,478.p.10293
408.0,PG/SF/SG,Bogdan Bogdanović,HOU,,,1.0,0.0,,,,,,408.0,23.0,,19.7,7.43,2.57,2.22,1.43,0.43,0.13,1.17,2.0,0.388,0.8,0.347,2.57,6.61,0.87,1.09,4.13,0.26,2.3,0.0,0.0,171.0,59.0,51.0,478.p.5338
409.0,C,Trayce Jackson-Davis,TOR,Q,,,0.0,,,,,,409.0,53.0,,9.4,3.42,2.74,0.74,0.02,0.32,0.45,0.42,0.85,0.573,0.514,1.0,1.34,2.34,0.72,1.4,0.02,1.25,1.49,1.0,0.0,181.0,145.0,39.0,478.p.10080
410.0,SF/SG,Myron Gardner,MIA,,,,0.0,,,,,,410.0,45.0,,9.1,3.62,2.71,0.98,0.58,0.44,0.18,0.38,1.73,0.48,0.731,0.406,1.31,2.73,0.42,0.58,1.42,0.87,1.84,1.0,0.0,163.0,122.0,44.0,478.p.10517
411.0,PF,Jeremiah Robinson-Earl,DAL,NA,,,0.0,,,,,,411.0,22.0,,16.4,4.59,4.68,0.68,0.45,0.41,0.05,0.55,1.18,0.37,0.944,0.244,1.68,4.55,0.77,0.82,1.86,1.64,3.05,0.0,0.0,101.0,103.0,15.0,478.p.6574
412.0,C/PF,Jonathan Mogbo,SAC,,,,0.0,,,,,,412.0,40.0,,6.2,1.52,1.7,0.62,0.0,0.28,0.2,0.35,0.65,0.591,0.643,0.0,0.65,1.1,0.23,0.35,0.03,0.47,1.23,0.0,0.0,61.0,68.0,25.0,478.p.10330
413.0,SF/SG,Jamal Cain,ORL,,,,0.0,,,,,,413.0,40.0,,12.2,5.38,1.95,0.72,0.7,0.28,0.1,0.47,1.32,0.487,0.848,0.384,1.85,3.8,0.97,1.15,1.82,0.7,1.25,0.0,0.0,215.0,78.0,29.0,478.p.6801
414.0,PG/SG,Tyrese Proctor,CLE,,,,0.0,,,,,,414.0,50.0,,10.9,5.44,1.28,1.48,0.92,0.5,0.0,0.8,1.18,0.413,0.889,0.351,1.86,4.5,0.8,0.9,2.62,0.22,1.06,1.0,0.0,272.0,64.0,74.0,478.p.10472
415.0,C/PF,Oscar Tshiebwe,HOU,,,,0.0,,,,,,415.0,27.0,,16.6,7.81,6.63,1.19,0.0,0.59,0.19,0.78,1.44,0.634,0.551,,3.41,5.37,1.0,1.81,0.0,2.85,3.78,3.0,0.0,211.0,179.0,32.0,478.p.10127
416.0,C,Ariel Hukporti,PHI,O,,,0.0,,,,,,416.0,54.0,,9.2,2.17,2.94,0.54,0.02,0.17,0.48,0.59,1.24,0.563,0.788,0.25,0.83,1.48,0.48,0.61,0.07,1.04,1.91,0.0,0.0,117.0,159.0,29.0,478.p.10317
417.0,C/PF,Kelly Olynyk,SAS,NA,,,0.0,,,,,,417.0,42.0,,8.6,3.17,1.81,1.17,0.29,0.36,0.07,0.57,0.93,0.49,0.711,0.255,1.12,2.29,0.64,0.9,1.12,0.57,1.24,0.0,0.0,133.0,76.0,49.0,478.p.5164
418.0,PF/SF,Cam Whitmore,DEN,,,1.0,0.0,,,,,,418.0,21.0,,16.9,9.19,2.76,0.71,0.76,0.71,0.38,0.86,1.19,0.456,0.742,0.286,3.67,8.05,1.1,1.48,2.67,0.9,1.86,0.0,0.0,193.0,58.0,15.0,478.p.10118
419.0,C/PF,Larry Nance Jr.,IND,Q,,,0.0,,,,,,419.0,35.0,,12.8,3.74,2.66,0.97,0.6,0.6,0.17,0.57,1.57,0.419,0.462,0.333,1.49,3.54,0.17,0.37,1.8,0.83,1.83,0.0,0.0,131.0,93.0,34.0,478.p.5487
420.0,PF/SF,Haywood Highsmith,PHX,,,,0.0,,,,,,420.0,7.0,,13.0,5.43,1.86,1.0,1.14,0.57,0.0,0.0,1.29,0.522,0.857,0.571,1.71,3.29,0.86,1.0,2.0,0.86,1.0,0.0,0.0,38.0,13.0,7.0,478.p.6155
421.0,PG/SG,Tre Mann,WAS,,,,0.0,,,,,,421.0,53.0,,12.6,5.49,1.74,1.62,0.94,0.47,0.09,1.02,1.3,0.36,0.852,0.323,2.06,5.72,0.43,0.51,2.92,0.38,1.36,0.0,0.0,291.0,92.0,86.0,478.p.6560
422.0,C/PF,Asa Newell,ATL,,,1.0,0.0,,,,,,422.0,44.0,,11.4,5.16,2.18,0.59,0.66,0.36,0.34,0.52,1.48,0.538,0.552,0.387,2.07,3.84,0.36,0.66,1.7,1.0,1.18,2.0,0.0,227.0,96.0,26.0,478.p.10451
423.0,C/PF,Rasheer Fleming,PHX,,,,0.0,,,,,,423.0,55.0,,12.2,4.33,2.25,0.29,0.82,0.4,0.38,0.53,1.16,0.405,0.559,0.346,1.58,3.91,0.35,0.62,2.36,1.04,1.22,0.0,0.0,238.0,124.0,16.0,478.p.10495
424.0,PF,Mohamed Diawara,NYK,,,,0.0,,,,,,424.0,69.0,,9.2,3.57,1.36,0.77,0.7,0.25,0.09,0.43,0.72,0.423,0.75,0.369,1.3,3.09,0.26,0.35,1.88,0.22,1.14,0.0,0.0,246.0,94.0,53.0,478.p.10471
425.0,C,Yanic Konan Niederhäuser,LAC,O,,6.0,0.0,,,,,,425.0,41.0,,10.3,4.29,2.85,0.29,0.02,0.12,0.73,0.56,1.61,0.64,0.758,0.2,1.56,2.44,1.15,1.51,0.12,0.9,1.95,0.0,0.0,176.0,117.0,12.0,478.p.10441
426.0,SF/SG,Johnny Furphy,IND,O,,1.0,0.0,,,,,,426.0,35.0,,18.4,5.14,4.37,1.17,0.66,0.57,0.2,0.83,1.86,0.47,0.486,0.324,2.0,4.26,0.49,1.0,2.03,0.91,3.46,1.0,0.0,180.0,153.0,41.0,478.p.10305
427.0,SG,Ben Saraf,BKN,,,,0.0,,,,,,427.0,44.0,,20.8,7.55,2.09,3.3,0.43,0.86,0.18,2.25,1.84,0.396,0.83,0.211,2.73,6.89,1.66,2.0,2.05,0.45,1.64,0.0,0.0,332.0,92.0,145.0,478.p.10458
428.0,PG/SG,Bez Mbeng,MIA,,,,0.0,,,,,,428.0,15.0,,32.8,8.13,3.8,4.13,0.4,2.27,0.33,1.47,3.07,0.5,0.64,0.194,3.33,6.67,1.07,1.67,2.07,1.2,2.6,1.0,1.0,122.0,57.0,62.0,478.p.10565
429.0,PG/SG,Ethan Thompson,IND,NA,,,0.0,,,,,,429.0,32.0,,20.4,6.97,2.16,1.78,1.19,0.62,0.28,0.78,2.16,0.378,0.787,0.328,2.31,6.12,1.16,1.47,3.62,0.53,1.62,0.0,0.0,223.0,69.0,57.0,478.p.6637
430.0,C,Mason Plumlee,SAS,NA,,,0.0,,,,,,430.0,20.0,,8.6,1.55,2.65,1.0,0.0,0.5,0.0,0.6,0.85,0.786,0.643,,0.55,0.7,0.45,0.7,0.0,0.85,1.8,0.0,0.0,31.0,53.0,20.0,478.p.5192
431.0,C,Moussa Cisse,DAL,,,,0.0,,,,,,431.0,38.0,,13.9,4.47,5.68,0.24,0.0,0.5,1.18,0.79,1.92,0.574,0.469,,1.74,3.03,1.0,2.13,0.0,2.34,3.34,2.0,0.0,170.0,216.0,9.0,478.p.10524
432.0,C,Christian Koloko,NOP,,,,0.0,,,,,,432.0,27.0,,13.2,2.7,3.0,0.67,0.04,0.52,0.85,0.59,1.78,0.419,0.667,0.111,1.15,2.74,0.37,0.56,0.33,1.15,1.85,0.0,0.0,73.0,81.0,18.0,478.p.6723
433.0,PG/SG,Nick Smith Jr.,LAL,NA,,,0.0,,,,,,433.0,30.0,,12.5,6.17,0.77,1.03,1.13,0.3,0.07,0.7,0.93,0.435,0.733,0.395,2.33,5.37,0.37,0.5,2.87,0.1,0.67,0.0,0.0,185.0,23.0,31.0,478.p.10120
434.0,PG/SG,Elijah Harkless,DET,,,,0.0,,,,,,434.0,26.0,,21.0,6.85,2.04,2.88,0.81,1.19,0.23,1.0,2.0,0.335,0.766,0.239,2.08,6.19,1.88,2.46,3.38,0.38,1.65,1.0,0.0,178.0,53.0,75.0,478.p.10423
435.0,PG/SG,Jase Richardson,ORL,,,,0.0,,,,,,435.0,54.0,,10.9,4.43,1.17,1.07,0.52,0.35,0.04,0.46,0.98,0.473,0.717,0.354,1.65,3.48,0.61,0.85,1.46,0.39,0.78,0.0,0.0,239.0,63.0,58.0,478.p.10453
436.0,PF,Chaney Johnson,BKN,,,,0.0,,,,,,436.0,17.0,,20.5,8.18,4.65,2.12,0.53,0.88,0.53,1.18,3.0,0.543,0.8,0.3,3.0,5.53,1.65,2.06,1.76,1.94,2.71,1.0,0.0,139.0,79.0,36.0,478.p.10527
437.0,PF/SF,Jalen Slawson,IND,,,,0.0,,,,,,437.0,13.0,,23.9,7.31,4.38,2.77,1.15,1.54,1.08,1.31,2.08,0.442,0.706,0.375,2.62,5.92,0.92,1.31,3.08,0.54,3.85,0.0,0.0,95.0,57.0,36.0,478.p.10089
438.0,PF/SF/SG,Jae'Sean Tate,HOU,,,,0.0,,,,,,438.0,46.0,,8.8,2.8,1.59,0.54,0.22,0.22,0.07,0.35,1.04,0.514,0.636,0.313,1.22,2.37,0.15,0.24,0.7,0.72,0.87,0.0,0.0,129.0,73.0,25.0,478.p.6463
439.0,PG/SG,Taelon Peter,SAS,,,,0.0,,,,,,439.0,38.0,,12.9,4.5,1.55,1.05,1.08,0.68,0.11,0.71,1.0,0.38,0.625,0.328,1.58,4.16,0.26,0.42,3.29,0.26,1.29,0.0,0.0,171.0,59.0,40.0,478.p.10492
440.0,PG/SF/SG,Jahmai Mashack,MEM,,,,0.0,,,,,,440.0,31.0,,21.7,6.19,2.61,2.23,0.61,1.19,0.45,1.58,2.16,0.395,0.543,0.253,2.48,6.29,0.61,1.13,2.42,0.74,1.87,2.0,1.0,192.0,81.0,69.0,478.p.10491
441.0,C/PF,Chris Boucher,UTA,NA,,,0.0,,,,,,441.0,9.0,,10.4,2.33,2.0,0.33,0.22,0.56,0.78,0.11,1.89,0.32,0.75,0.133,0.89,2.78,0.33,0.44,1.67,0.22,1.78,0.0,0.0,21.0,18.0,3.0,478.p.5894
442.0,PG/SG,Jordan McLaughlin,SAS,,,,0.0,,,,,,442.0,44.0,,6.4,2.02,0.73,0.86,0.39,0.45,0.05,0.34,0.25,0.418,0.857,0.425,0.75,1.8,0.14,0.16,0.91,0.16,0.57,0.0,0.0,89.0,32.0,38.0,478.p.6133
443.0,SG,Malachi Smith,TOR,,,,0.0,,,,,,443.0,15.0,,23.9,8.27,3.4,3.27,1.33,0.8,0.27,0.93,0.87,0.485,1.0,0.435,3.2,6.6,0.53,0.53,3.07,0.8,2.6,1.0,0.0,124.0,51.0,49.0,478.p.10252
444.0,PG/SG,Seth Curry,GSW,NA,,,0.0,,,,,,444.0,10.0,,13.3,7.1,1.2,1.0,1.2,0.3,0.0,0.2,0.7,0.49,0.917,0.48,2.4,4.9,1.1,1.2,2.5,0.4,0.8,0.0,0.0,71.0,12.0,10.0,478.p.5245
445.0,SF/SG,Garrison Mathews,IND,NA,,,0.0,,,,,,445.0,15.0,,13.1,5.2,1.13,0.67,1.13,0.4,0.2,0.2,1.27,0.404,0.826,0.37,1.4,3.47,1.27,1.53,3.07,0.13,1.0,0.0,0.0,78.0,17.0,10.0,478.p.6259
446.0,C/PF,Duop Reath,PHX,,,,0.0,,,,,,446.0,32.0,,8.1,2.94,1.19,0.31,0.72,0.16,0.25,0.22,0.88,0.446,0.833,0.418,1.03,2.31,0.16,0.19,1.72,0.31,0.88,0.0,0.0,94.0,38.0,10.0,478.p.10164
447.0,PG/SG,Killian Hayes,SAC,NA,,,0.0,,,,,,447.0,23.0,,17.7,5.52,2.35,3.52,0.74,0.91,0.17,1.22,1.57,0.304,0.929,0.27,1.83,6.0,1.13,1.22,2.74,0.17,2.17,0.0,0.0,127.0,54.0,81.0,478.p.6399
448.0,PF/SF,Leaky Black,SAC,Q,,,0.0,,,,,,448.0,15.0,,28.9,7.07,5.0,1.47,1.27,1.2,0.53,0.93,2.67,0.388,0.875,0.345,2.67,6.87,0.47,0.53,3.67,1.0,4.0,0.0,0.0,106.0,75.0,22.0,478.p.10152
449.0,C,Charles Bassey,GSW,,,1.0,0.0,,,,,,449.0,13.0,,11.8,5.85,4.38,0.54,0.0,0.31,0.85,0.46,1.46,0.66,0.7,,2.38,3.62,1.08,1.54,0.0,1.77,2.62,2.0,0.0,76.0,57.0,7.0,478.p.6595
450.0,C,Tony Bradley,NYK,Q,,,0.0,,,,,,450.0,41.0,,11.0,3.95,2.83,0.54,0.05,0.15,0.17,0.44,1.51,0.547,0.744,0.5,1.56,2.85,0.78,1.05,0.1,1.46,1.37,0.0,0.0,162.0,116.0,22.0,478.p.5841
451.0,C/PF,Maxi Kleber,LAL,NA,,,0.0,,,,,,451.0,43.0,,10.7,2.0,1.95,0.63,0.14,0.42,0.26,0.4,1.4,0.452,0.538,0.231,0.77,1.7,0.33,0.6,0.6,0.84,1.12,0.0,0.0,86.0,84.0,27.0,478.p.5892
452.0,PF/SF,Doug McDermott,SAC,NA,,,0.0,,,,,,452.0,29.0,,15.1,5.66,1.28,0.76,1.66,0.21,0.14,0.45,0.97,0.388,0.889,0.39,1.86,4.79,0.28,0.31,4.24,0.24,1.03,0.0,0.0,164.0,37.0,22.0,478.p.5322
453.0,SF/SG,Pat Connaughton,CHA,,,,0.0,,,,,,453.0,42.0,,7.1,2.62,1.45,0.43,0.5,0.26,0.02,0.26,0.21,0.447,0.65,0.404,0.9,2.02,0.31,0.48,1.24,0.36,1.1,0.0,0.0,110.0,61.0,18.0,478.p.5501
454.0,PF,Georges Niang,GSW,Q,,,0.0,,,,,,454.0,,,,,,,,,,,,,,,,,,,,,,,,,,,478.p.5681
455.0,PG/SG,Cormac Ryan,MIL,,,,0.0,,,,,,455.0,11.0,,24.6,14.27,2.55,1.73,2.45,1.0,0.27,1.55,2.45,0.52,0.923,0.458,4.82,9.27,2.18,2.36,5.36,0.73,1.82,1.0,0.0,157.0,28.0,19.0,478.p.10412
456.0,C/PF,E.J. Liddell,BKN,NA,,,0.0,,,,,,456.0,26.0,,13.4,5.65,2.65,0.92,0.69,0.23,0.38,0.58,1.73,0.486,0.808,0.346,2.08,4.27,0.81,1.0,2.0,0.54,2.12,1.0,0.0,147.0,69.0,24.0,478.p.6731
457.0,PF/SF,Keshad Johnson,MIA,O,,,0.0,,,,,,457.0,32.0,,8.8,4.25,1.94,0.25,0.41,0.47,0.25,0.41,0.88,0.49,0.724,0.295,1.59,3.25,0.66,0.91,1.38,0.81,1.12,1.0,0.0,136.0,62.0,8.0,478.p.10311
458.0,SF/SG,A.J. Lawson,TOR,NA,,,0.0,,,,,,458.0,24.0,,9.4,4.21,1.79,0.29,0.79,0.5,0.17,0.25,1.12,0.436,0.778,0.422,1.42,3.25,0.58,0.75,1.88,0.38,1.42,0.0,0.0,101.0,43.0,7.0,478.p.6603
459.0,SF/SG,Malaki Branham,ORL,,,,0.0,,,,,,459.0,28.0,,9.8,4.57,1.57,0.82,0.5,0.36,0.11,0.54,0.75,0.473,0.824,0.378,1.54,3.25,1.0,1.21,1.32,0.43,1.14,0.0,0.0,128.0,44.0,23.0,478.p.6710
460.0,SF/SG,Lindy Waters III,SAS,NA,,,0.0,,,,,,460.0,40.0,,7.1,2.38,0.72,0.47,0.68,0.15,0.03,0.17,0.6,0.375,0.667,0.342,0.82,2.2,0.05,0.07,1.98,0.07,0.65,0.0,0.0,95.0,29.0,19.0,478.p.6687
461.0,SF/SG,Johnny Juzang,MIN,NA,,,0.0,,,,,,461.0,21.0,,4.2,2.05,0.81,0.29,0.29,0.1,0.05,0.24,0.14,0.421,0.625,0.25,0.76,1.81,0.24,0.38,1.14,0.24,0.57,0.0,0.0,43.0,17.0,6.0,478.p.6762
462.0,PG,Tyson Etienne,BKN,NA,,,0.0,,,,,,462.0,24.0,,15.8,7.88,1.12,1.67,1.79,0.46,0.0,0.67,1.96,0.4,0.833,0.398,2.42,6.04,1.25,1.5,4.5,0.21,0.92,0.0,0.0,189.0,27.0,40.0,478.p.6785
463.0,SF,Ron Harper Jr.,BOS,Q,,,0.0,,,,,,463.0,29.0,,11.0,4.24,1.66,0.76,0.97,0.34,0.31,0.28,0.69,0.418,0.75,0.35,1.59,3.79,0.1,0.14,2.76,0.52,1.14,0.0,0.0,123.0,48.0,22.0,478.p.6761
464.0,PG/SF/SG,Kam Jones,MIL,,,,0.0,,,,,,464.0,37.0,,16.6,4.38,1.62,3.22,0.59,0.49,0.0,0.97,1.05,0.402,0.5,0.293,1.84,4.57,0.11,0.22,2.03,0.41,1.22,1.0,0.0,162.0,60.0,119.0,478.p.10487
465.0,C,DeAndre Jordan,NOP,,,,0.0,,,,,,465.0,12.0,,16.6,4.42,6.33,0.92,0.0,0.33,0.83,0.75,1.33,0.656,0.647,,1.75,2.67,0.92,1.42,0.0,2.17,4.17,0.0,0.0,53.0,76.0,11.0,478.p.4497
466.0,C/PF,Blake Hinson,UTA,,,,0.0,,,,,,466.0,14.0,,20.4,11.93,2.36,1.14,2.64,0.36,0.14,0.36,1.71,0.513,0.75,0.468,4.21,8.21,0.86,1.14,5.64,0.79,1.57,0.0,0.0,167.0,33.0,16.0,478.p.10307
467.0,PG/SG,Bronny James,LAL,,,3.0,0.0,106.0,11.0,1.0,0.04,105.9,467.0,42.0,,8.9,2.9,0.55,1.21,0.52,0.45,0.1,0.6,0.67,0.409,0.857,0.386,1.12,2.74,0.14,0.17,1.36,0.12,0.43,0.0,0.0,122.0,23.0,51.0,478.p.10339
468.0,SF/SG,Andre Jackson Jr.,TOR,NA,,,0.0,,,,,,468.0,48.0,,8.5,2.35,1.5,0.9,0.31,0.4,0.08,0.65,0.9,0.328,0.625,0.25,0.81,2.48,0.42,0.67,1.25,0.52,0.98,0.0,0.0,113.0,72.0,43.0,478.p.10082
469.0,C,Julian Reese,NOP,,,,0.0,,,,,,469.0,13.0,,30.9,11.85,10.54,1.85,0.0,1.38,0.62,2.46,3.23,0.529,0.636,,4.85,9.15,2.15,3.38,0.0,4.23,6.31,5.0,0.0,154.0,137.0,24.0,478.p.10559
470.0,SF/SG,Cody Martin,IND,NA,,,0.0,,,,,,470.0,4.0,,13.8,1.75,3.5,0.5,0.0,1.0,0.5,1.0,1.25,0.2,0.5,0.0,0.5,2.5,0.75,1.5,1.25,0.25,3.25,0.0,0.0,7.0,14.0,2.0,478.p.6224
471.0,PF,Trey Lyles,MIN,,,,0.0,,,,,,471.0,,,,,,,,,,,,,,,,,,,,,,,,,,,478.p.5472
472.0,SF/SG,John Poulakidas,DAL,,,,0.0,,,,,,472.0,13.0,,19.5,8.85,2.31,0.85,2.38,0.54,0.31,0.31,2.15,0.429,0.857,0.403,3.0,7.0,0.46,0.54,5.92,0.31,2.0,0.0,0.0,115.0,30.0,11.0,478.p.10532
473.0,PF,Malevy Leons,GSW,,,,0.0,,,,,,473.0,25.0,,11.0,3.32,2.12,0.92,0.16,0.56,0.36,0.52,1.24,0.444,0.789,0.25,1.28,2.88,0.6,0.76,0.64,1.2,0.92,0.0,0.0,83.0,53.0,23.0,478.p.10411
474.0,SF,Liam McNeeley,CHA,,,,0.0,,,,,,474.0,31.0,,11.9,4.26,2.35,0.77,0.77,0.16,0.1,0.42,1.16,0.4,0.821,0.4,1.23,3.06,1.03,1.26,1.94,0.42,1.94,0.0,0.0,132.0,73.0,24.0,478.p.10446
475.0,SF/SG,DaQuan Jeffries,SAC,NA,,,0.0,,,,,,475.0,3.0,,20.0,10.33,1.67,0.33,1.33,0.67,0.0,0.0,3.0,0.579,1.0,0.444,3.67,6.33,1.67,1.67,3.0,1.0,0.67,0.0,0.0,31.0,5.0,1.0,478.p.6276
476.0,PF,Tyler Burton,MEM,NA,,,0.0,,,,,,476.0,12.0,,25.6,10.75,4.17,1.0,1.83,0.92,0.33,0.92,2.58,0.375,0.852,0.333,3.5,9.33,1.92,2.25,5.5,0.67,3.5,0.0,0.0,129.0,50.0,12.0,478.p.10529
477.0,SF,Caleb Houstan,NOP,,,,0.0,,,,,,477.0,18.0,,4.2,2.33,0.61,0.22,0.61,0.11,0.06,0.22,0.61,0.538,1.0,0.524,0.78,1.44,0.17,0.17,1.17,0.28,0.33,0.0,0.0,42.0,11.0,4.0,478.p.6722
478.0,PG/SG,Dalano Banton,BOS,NA,,,0.0,,,,,,478.0,6.0,,10.3,2.0,0.83,1.83,0.0,0.33,0.83,1.33,0.5,0.333,1.0,0.0,0.67,2.0,0.67,0.67,0.17,0.33,0.5,0.0,0.0,12.0,5.0,11.0,478.p.6588
479.0,PF/SF,Isaiah Livers,PHX,NA,,,0.0,,,,,,479.0,36.0,,9.6,1.81,1.69,0.58,0.33,0.36,0.22,0.33,0.78,0.344,0.75,0.3,0.61,1.78,0.25,0.33,1.11,0.53,1.17,0.0,0.0,65.0,61.0,21.0,478.p.6584
480.0,SF/SG,Cam Christie,LAC,,,,0.0,,,,,,480.0,55.0,,8.7,2.84,1.42,0.56,0.22,0.29,0.05,0.4,0.35,0.381,0.76,0.245,0.96,2.53,0.69,0.91,0.89,0.35,1.07,0.0,0.0,156.0,78.0,31.0,478.p.10337
481.0,PG/SG,KJ Simpson,DEN,NA,,,0.0,,,,,,481.0,20.0,,12.8,4.55,1.85,2.15,0.6,0.8,0.0,1.25,0.9,0.343,0.611,0.3,1.7,4.95,0.55,0.9,2.0,0.45,1.4,0.0,0.0,91.0,37.0,43.0,478.p.10323
482.0,PF/SF,Brooks Barnhizer,OKC,,,,0.0,,,,,,482.0,40.0,,8.7,1.7,1.95,0.55,0.17,0.28,0.12,0.25,0.68,0.38,0.7,0.292,0.68,1.77,0.17,0.25,0.6,0.47,1.48,0.0,0.0,68.0,78.0,22.0,478.p.10478
483.0,C,PJ Hall,CHA,,,,0.0,,,,,,483.0,19.0,,11.3,4.53,3.95,0.53,0.16,0.16,0.53,0.84,1.16,0.508,0.793,0.6,1.58,3.11,1.21,1.53,0.26,1.74,2.21,1.0,0.0,86.0,75.0,10.0,478.p.10329
484.0,SF/SG,Eric Gordon,MEM,NA,,,0.0,,,,,,484.0,6.0,,12.3,5.5,0.33,0.5,1.33,0.67,0.17,0.5,0.5,0.571,0.5,0.571,2.0,3.5,0.17,0.33,2.33,0.17,0.17,0.0,0.0,33.0,2.0,3.0,478.p.4469
485.0,SG,Brandon Boston,CHI,,,,0.0,,,,,,485.0,,,,,,,,,,,,,,,,,,,,,,,,,,,478.p.6593
486.0,PG/SG,AJ Johnson,NOP,,,,0.0,,,,,,486.0,48.0,,9.5,3.33,1.15,0.98,0.25,0.23,0.06,0.62,0.62,0.324,0.85,0.211,1.19,3.67,0.71,0.83,1.19,0.29,0.85,0.0,0.0,160.0,55.0,47.0,478.p.10300
487.0,SF,Adama Bal,MEM,NA,,,0.0,,,,,,487.0,8.0,,30.1,10.38,3.12,2.38,2.25,1.12,0.12,0.75,3.38,0.412,0.9,0.409,3.5,8.5,1.12,1.25,5.5,0.75,2.38,0.0,0.0,83.0,25.0,19.0,478.p.10566
488.0,PG/SG,Blake Wesley,LAC,,,,0.0,,,,,,488.0,31.0,,11.6,4.77,1.26,2.0,0.32,0.52,0.16,1.0,1.1,0.452,0.553,0.278,1.81,4.0,0.84,1.52,1.16,0.26,1.0,0.0,0.0,148.0,39.0,62.0,478.p.6715
489.0,PG,LJ Cryer,GSW,,,,0.0,,,,,,489.0,18.0,,16.2,8.22,1.56,1.0,2.06,0.17,0.0,0.78,1.56,0.402,0.895,0.394,2.61,6.5,0.94,1.06,5.22,0.22,1.33,0.0,0.0,148.0,28.0,18.0,478.p.10544
490.0,PF/SF,David Roddy,DEN,NA,,,0.0,,,,,,490.0,5.0,,14.6,8.0,4.0,0.8,0.6,0.8,0.2,0.4,1.4,0.5,1.0,0.273,3.0,6.0,1.4,1.4,2.2,1.6,2.4,1.0,0.0,40.0,20.0,4.0,478.p.6713
491.0,PG,Yuki Kawamura,LAC,,,,0.0,,,,,,491.0,18.0,,11.6,3.44,1.83,2.61,0.61,0.5,0.0,0.78,0.83,0.327,0.895,0.297,0.94,2.89,0.94,1.06,2.06,0.39,1.44,0.0,0.0,62.0,33.0,47.0,478.p.10415
492.0,PG,Kennedy Chandler,PHX,,,,0.0,,,,,,492.0,11.0,,32.3,15.0,3.36,6.73,1.36,1.0,0.18,2.09,2.09,0.445,0.651,0.395,5.55,12.45,2.55,3.91,3.45,0.55,2.82,1.0,0.0,165.0,37.0,74.0,478.p.6728
493.0,C/PF,Jeff Green,HOU,NA,,,0.0,,,,,,493.0,30.0,,5.8,2.23,0.83,0.27,0.4,0.07,0.07,0.13,0.4,0.368,1.0,0.273,0.83,2.27,0.17,0.17,1.47,0.23,0.6,0.0,0.0,67.0,25.0,8.0,478.p.4247
494.0,C/PF,Drew Timme,MIN,,,,0.0,,,,,,494.0,27.0,,8.7,3.41,1.22,0.85,0.41,0.22,0.0,0.48,0.74,0.576,0.556,0.44,1.41,2.44,0.19,0.33,0.93,0.37,0.85,0.0,0.0,92.0,33.0,23.0,478.p.10141
495.0,C/PF,DaRon Holmes II,DEN,,,,0.0,,,,,,495.0,25.0,,8.4,3.72,1.4,0.64,0.8,0.04,0.24,0.48,0.76,0.508,0.786,0.444,1.24,2.44,0.44,0.56,1.8,0.32,1.08,0.0,0.0,93.0,35.0,16.0,478.p.10286
496.0,SF/SG,MarJon Beauchamp,PHI,NA,,,0.0,,,,,,496.0,14.0,,14.0,6.79,2.29,1.07,1.14,0.64,0.29,0.93,0.93,0.434,0.684,0.34,2.36,5.43,0.93,1.36,3.36,0.5,1.79,0.0,0.0,95.0,32.0,15.0,478.p.6714
497.0,SG,Lucas Williamson,MEM,NA,,,0.0,,,,,,497.0,7.0,,32.0,10.43,5.43,2.57,2.14,1.57,0.14,1.43,3.71,0.333,1.0,0.283,3.57,10.71,1.14,1.14,7.57,1.57,3.86,1.0,0.0,73.0,38.0,18.0,478.p.6797
498.0,SF/SG,Antonio Reeves,MIN,,,,0.0,,,,,,498.0,10.0,,6.8,2.7,0.8,0.3,0.7,0.1,0.0,0.1,0.3,0.5,,0.538,1.0,2.0,0.0,0.0,1.3,0.2,0.6,0.0,0.0,27.0,8.0,3.0,478.p.10338
499.0,SF,Nate Williams,GSW,NA,,,0.0,,,,,,499.0,14.0,,17.1,8.0,2.14,1.0,0.93,0.36,0.0,1.07,1.86,0.489,0.867,0.433,3.07,6.29,0.93,1.07,2.14,1.43,0.71,0.0,0.0,112.0,30.0,14.0,478.p.6806
500.0,PF/SF,Joe Ingles,MIN,NA,,,0.0,,,,,,500.0,27.0,,5.7,1.52,0.7,1.26,0.26,0.33,0.07,0.52,0.33,0.593,1.0,0.438,0.59,1.0,0.07,0.07,0.59,0.0,0.7,1.0,0.0,41.0,19.0,34.0,478.p.5393
501.0,SG,DeJon Jarreau,MEM,NA,,,0.0,,,,,,501.0,11.0,,21.0,8.0,4.64,3.27,0.36,0.91,0.73,2.36,2.55,0.398,0.783,0.133,3.0,7.55,1.64,2.09,2.73,1.09,3.55,0.0,0.0,88.0,51.0,36.0,478.p.6621
502.0,C,Bismack Biyombo,SAS,NA,,,0.0,,,,,,502.0,25.0,,5.6,0.92,1.04,0.2,0.0,0.16,0.08,0.32,1.08,0.6,0.714,,0.36,0.6,0.2,0.28,0.0,0.2,0.84,0.0,0.0,23.0,26.0,5.0,478.p.4888
503.0,C,Orlando Robinson,CHI,,,,0.0,,,,,,503.0,4.0,,6.2,1.75,1.0,0.75,0.25,0.25,0.0,0.0,0.75,0.6,,0.5,0.75,1.25,0.0,0.0,0.5,0.5,0.5,0.0,0.0,7.0,4.0,3.0,478.p.6802
504.0,C/PF,Xavier Tillman,CHA,NA,,,0.0,,,,,,504.0,30.0,,6.1,1.47,1.43,0.43,0.1,0.3,0.17,0.27,0.5,0.435,0.25,0.167,0.67,1.53,0.03,0.13,0.6,0.63,0.8,0.0,0.0,44.0,43.0,13.0,478.p.6427
505.0,C,Taj Gibson,MEM,NA,,,0.0,,,,,,505.0,10.0,,9.7,3.4,2.7,0.6,0.3,0.2,0.1,0.1,1.4,0.462,0.875,0.5,1.2,2.6,0.7,0.8,0.6,1.1,1.6,0.0,0.0,34.0,27.0,6.0,478.p.4631
506.0,C,Mo Bamba,UTA,,,,0.0,,,,,,506.0,4.0,,11.0,2.5,5.5,0.25,0.0,0.0,0.75,0.5,1.5,0.455,,,1.25,2.75,0.0,0.0,0.0,2.5,3.0,0.0,0.0,10.0,22.0,1.0,478.p.6017
507.0,SF,KJ Martin,MIN,,,,0.0,,,,,,507.0,,,,,,,,,,,,,,,,,,,,,,,,,,,478.p.6444
508.0,PG/SG,JD Davison,ORL,,,,0.0,,,,,,508.0,28.0,,7.8,2.46,1.21,1.25,0.29,0.21,0.21,0.25,0.61,0.375,0.684,0.25,0.86,2.29,0.46,0.68,1.14,0.11,1.11,0.0,0.0,69.0,34.0,35.0,478.p.6743
509.0,SG,Chris Youngblood,POR,,,,0.0,,,,,,509.0,34.0,,5.4,2.09,0.82,0.35,0.53,0.12,0.09,0.06,0.65,0.349,0.9,0.333,0.65,1.85,0.26,0.29,1.59,0.21,0.62,0.0,0.0,71.0,28.0,12.0,478.p.10536
510.0,SF/SG,Wendell Moore Jr.,DET,NA,,,0.0,,,,,,510.0,6.0,,10.0,1.67,1.0,0.67,0.0,0.33,0.33,0.17,0.5,0.571,1.0,0.0,0.67,1.17,0.33,0.33,0.17,0.17,0.83,0.0,0.0,10.0,6.0,4.0,478.p.6716
511.0,SF/SG,Alondes Williams,WAS,NA,,,0.0,,,,,,511.0,4.0,,25.2,11.0,6.25,3.0,1.25,0.75,0.75,1.25,1.0,0.615,0.875,0.357,4.0,6.5,1.75,2.0,3.5,1.25,5.0,1.0,0.0,44.0,25.0,12.0,478.p.6749
512.0,PF,Dariq Whitehead,MEM,NA,,,0.0,,,,,,512.0,6.0,,30.5,16.33,4.0,1.5,3.17,0.67,0.0,1.67,2.17,0.398,0.714,0.317,6.17,15.5,0.83,1.17,10.0,0.33,3.67,0.0,0.0,98.0,24.0,9.0,478.p.10111
513.0,PF,Tyler Smith,DAL,NA,,,0.0,,,,,,513.0,12.0,,13.8,4.67,2.75,0.42,0.83,0.5,0.0,0.5,1.08,0.42,0.667,0.286,1.75,4.17,0.33,0.5,2.92,1.0,1.75,0.0,0.0,56.0,33.0,5.0,478.p.10262
514.0,PG/SG,Monté Morris,IND,NA,,,0.0,,,,,,514.0,6.0,,10.8,3.0,1.17,1.5,0.33,0.17,0.17,0.33,0.5,0.35,0.5,0.25,1.17,3.33,0.33,0.67,1.33,0.17,1.0,0.0,0.0,18.0,7.0,9.0,478.p.5864
515.0,PF,Hunter Tyson,BKN,NA,,,0.0,,,,,,515.0,21.0,,7.7,2.19,1.71,0.81,0.33,0.1,0.05,0.24,0.62,0.269,0.846,0.212,0.67,2.48,0.52,0.62,1.57,0.19,1.52,0.0,0.0,46.0,36.0,17.0,478.p.10067
516.0,SG,Chaz Lanier,DET,,,,0.0,,,,,,516.0,34.0,,7.7,2.35,0.68,0.5,0.56,0.21,0.0,0.09,0.35,0.315,0.833,0.284,0.82,2.62,0.15,0.18,1.97,0.24,0.44,0.0,0.0,80.0,23.0,17.0,478.p.10486
517.0,PF/SF,Andersson Garcia,UTA,NA,,,0.0,,,,,,517.0,5.0,,33.8,5.2,8.4,2.8,0.2,1.6,0.8,1.4,3.2,0.31,0.778,0.077,1.8,5.8,1.4,1.8,2.6,3.4,5.0,0.0,0.0,26.0,42.0,14.0,478.p.10564
518.0,PF/SF,Kadary Richmond,CLE,,,,0.0,,,,,,518.0,3.0,,22.3,8.33,3.33,2.67,0.67,2.67,0.33,0.67,0.67,0.625,1.0,0.5,3.33,5.33,1.0,1.0,1.33,0.33,3.0,0.0,0.0,25.0,10.0,8.0,478.p.10554
519.0,PG/SG,Mac McClung,CHI,NA,,,0.0,,,,,,519.0,11.0,,12.3,6.09,0.91,0.91,0.64,1.0,0.27,0.82,1.73,0.39,0.778,0.233,2.09,5.36,1.27,1.64,2.73,0.18,0.73,0.0,0.0,67.0,10.0,10.0,478.p.6628
520.0,PG,RayJ Dennis,ATL,,,,0.0,,,,,,520.0,17.0,,12.1,4.35,1.53,1.94,0.82,0.24,0.24,1.0,1.24,0.313,0.889,0.311,1.53,4.88,0.47,0.53,2.65,0.47,1.06,0.0,0.0,74.0,26.0,33.0,478.p.10416
521.0,PF,Patrick Baldwin Jr.,SAC,NA,,,0.0,,,,,,521.0,9.0,,11.3,3.67,2.56,0.56,0.67,0.33,0.56,0.56,1.67,0.407,0.714,0.429,1.22,3.0,0.56,0.78,1.56,1.33,1.22,0.0,0.0,33.0,23.0,5.0,478.p.6718
522.0,C/PF,Lachlan Olbrich,CHI,NA,,,0.0,,,,,,522.0,37.0,,9.3,2.41,3.03,1.14,0.05,0.32,0.22,0.43,1.32,0.468,0.375,0.105,0.97,2.08,0.41,1.08,0.51,1.22,1.81,1.0,1.0,89.0,112.0,42.0,478.p.10482
523.0,PG/SG,Trey Alexander,UTA,,,,0.0,,,,,,523.0,9.0,,12.3,5.22,1.22,1.0,0.67,0.67,0.22,0.33,1.44,0.514,0.6,0.5,2.11,4.11,0.33,0.56,1.33,0.11,1.11,0.0,0.0,47.0,11.0,9.0,478.p.10385
524.0,SF,Luke Travers,CLE,NA,,,0.0,,,,,,524.0,12.0,,8.6,2.33,2.0,0.75,0.08,0.58,0.33,0.25,0.5,0.25,1.0,0.063,0.75,3.0,0.75,0.75,1.33,0.75,1.25,0.0,0.0,28.0,24.0,9.0,478.p.6746
525.0,C,Amari Williams,BOS,,,,0.0,,,,,,525.0,22.0,,6.6,1.36,1.82,0.45,0.0,0.14,0.45,0.5,0.86,0.5,0.714,,0.45,0.91,0.45,0.64,0.0,0.41,1.41,0.0,0.0,30.0,40.0,10.0,478.p.10473
526.0,PG/SG,TyTy Washington Jr.,LAC,NA,,,0.0,,,,,,526.0,16.0,,5.5,1.31,0.38,1.06,0.19,0.38,0.19,0.19,0.44,0.474,,0.375,0.56,1.19,0.0,0.0,0.5,0.06,0.31,0.0,0.0,21.0,6.0,17.0,478.p.6719
527.0,PF/SF,Kevin McCullar Jr.,NYK,Q,,,0.0,,,,,,527.0,21.0,,7.4,2.38,1.33,0.95,0.38,0.43,0.0,0.57,1.05,0.426,0.4,0.333,0.95,2.24,0.1,0.24,1.14,0.52,0.81,0.0,0.0,50.0,28.0,20.0,478.p.10303
528.0,SF/SG,Colby Jones,DET,NA,,,0.0,,,,,,528.0,1.0,,7.0,2.0,4.0,2.0,0.0,0.0,0.0,0.0,1.0,0.333,,0.0,1.0,3.0,0.0,0.0,2.0,0.0,4.0,0.0,0.0,2.0,4.0,2.0,478.p.10087
529.0,SF,Dillon Jones,PHI,,,,0.0,,,,,,529.0,7.0,,5.6,1.29,1.0,0.57,0.14,0.43,0.0,0.0,0.86,0.222,1.0,0.2,0.29,1.29,0.57,0.57,0.71,0.29,0.71,0.0,0.0,9.0,7.0,4.0,478.p.10284
530.0,PF/SF,Tosan Evbuomwan,CHA,NA,,,0.0,,,,,,530.0,5.0,,1.6,0.0,0.4,0.0,0.0,0.0,0.0,0.0,0.2,0.0,,,0.0,0.2,0.0,0.0,0.0,0.2,0.2,0.0,0.0,0.0,2.0,0.0,478.p.10199
531.0,PG/SG,Alijah Martin,TOR,,,,0.0,,,,,,531.0,23.0,,6.3,2.22,0.91,0.52,0.17,0.35,0.17,0.35,0.52,0.32,0.789,0.19,0.7,2.17,0.65,0.83,0.91,0.39,0.52,0.0,0.0,51.0,21.0,12.0,478.p.10490
532.0,SF/SG,Pacôme Dadiet,NYK,,,,0.0,,,,,,532.0,29.0,,4.7,1.66,0.93,0.41,0.24,0.1,0.03,0.1,0.28,0.333,0.818,0.219,0.55,1.66,0.31,0.38,1.1,0.14,0.79,0.0,0.0,48.0,27.0,12.0,478.p.10297
533.0,PF,Thanasis Antetokounmpo,MIL,NA,,,0.0,,,,,,533.0,34.0,,4.4,1.38,0.88,0.44,0.0,0.38,0.18,0.29,0.53,0.469,0.567,0.0,0.44,0.94,0.5,0.88,0.12,0.35,0.53,0.0,0.0,47.0,30.0,15.0,478.p.5362
534.0,SG,Miles Kelly,GSW,,,,0.0,,,,,,534.0,14.0,,9.6,3.07,1.71,0.86,0.71,0.29,0.07,0.43,0.86,0.364,1.0,0.303,1.14,3.14,0.07,0.07,2.36,0.36,1.36,0.0,0.0,43.0,24.0,12.0,478.p.10504
535.0,C,Tolu Smith,DET,,,,0.0,,,,,,535.0,15.0,,9.1,3.73,3.27,0.87,0.0,0.13,0.4,0.47,1.53,0.5,0.667,,1.2,2.4,1.33,2.0,0.0,1.47,1.8,0.0,0.0,56.0,49.0,13.0,478.p.10418
536.0,SG,Lonnie Walker IV,DEN,,,,0.0,,,,,,536.0,,,,,,,,,,,,,,,,,,,,,,,,,,,478.p.6029
537.0,SG,David Jones Garcia,SAS,,,,0.0,,,,,,537.0,11.0,,6.2,2.91,1.18,1.64,0.27,0.55,0.09,0.45,0.55,0.52,0.5,0.6,1.18,2.27,0.27,0.55,0.45,0.36,0.82,0.0,0.0,32.0,13.0,18.0,478.p.10372
538.0,C/PF,Colin Castleton,ORL,,,,0.0,,,,,,538.0,4.0,,5.2,1.25,2.0,0.25,0.0,0.25,0.0,0.5,0.5,0.4,1.0,,0.5,1.25,0.25,0.25,0.0,0.5,1.5,0.0,0.0,5.0,8.0,1.0,478.p.10147
539.0,SF,Tristan Enaruna,CLE,,,,0.0,,,,,,539.0,9.0,,9.4,4.11,1.56,0.78,0.33,0.56,0.0,0.33,0.33,0.5,0.75,0.3,1.56,3.11,0.67,0.89,1.11,0.78,0.78,0.0,0.0,37.0,14.0,7.0,478.p.10392
540.0,SF,Riley Minix,CLE,,,,0.0,,,,,,540.0,9.0,,6.4,3.89,0.67,0.56,0.44,0.22,0.11,0.33,0.56,0.609,1.0,0.333,1.56,2.56,0.33,0.33,1.33,0.22,0.44,0.0,0.0,35.0,6.0,5.0,478.p.10367
541.0,PG/SG,Garrett Temple,TOR,NA,,,0.0,,,,,,541.0,22.0,,3.3,0.77,0.41,0.41,0.14,0.18,0.09,0.32,0.27,0.267,0.667,0.25,0.18,0.68,0.27,0.41,0.55,0.05,0.36,0.0,0.0,17.0,9.0,9.0,478.p.4682
542.0,PG,Elfrid Payton,SAC,,,,0.0,,,,,,542.0,,,,,,,,,,,,,,,,,,,,,,,,,,,478.p.5321
543.0,PG,Reece Beekman,WAS,,,,0.0,,,,,,543.0,,,,,,,,,,,,,,,,,,,,,,,,,,,478.p.10332
544.0,SG,Koby Brea,PHX,,,,0.0,,,,,,544.0,12.0,,7.0,3.75,0.67,0.83,1.08,0.08,0.0,0.33,0.5,0.417,1.0,0.433,1.25,3.0,0.17,0.17,2.5,0.08,0.58,0.0,0.0,45.0,8.0,10.0,478.p.10475
545.0,C,Yang Hansen,POR,,,1.0,0.0,,,,,,545.0,43.0,,7.0,2.21,1.53,0.51,0.12,0.07,0.23,0.74,1.0,0.31,0.824,0.119,0.72,2.33,0.65,0.79,0.98,0.47,1.07,0.0,0.0,95.0,66.0,22.0,478.p.10464
546.0,C,Rocco Zikarsky,MIN,,,,0.0,,,,,,546.0,5.0,,7.2,2.8,2.8,0.4,0.0,0.0,1.0,0.2,0.6,0.625,1.0,,1.0,1.6,0.8,0.8,0.0,0.4,2.4,0.0,0.0,14.0,14.0,2.0,478.p.10480
547.0,PG/SG,Kobe Bufkin,NOP,,,,0.0,,,,,,547.0,16.0,,7.4,2.88,0.81,0.62,0.31,0.12,0.19,0.31,0.56,0.3,0.917,0.192,0.94,3.12,0.69,0.75,1.62,0.06,0.75,0.0,0.0,46.0,13.0,10.0,478.p.10105
548.0,PF/SF,Isaiah Crawford,HOU,,,,0.0,,,,,,548.0,14.0,,6.6,2.0,1.14,0.36,0.21,0.14,0.21,0.29,0.29,0.417,0.833,0.231,0.71,1.71,0.36,0.43,0.93,0.21,0.93,0.0,0.0,28.0,16.0,5.0,478.p.10320
549.0,PF,Nigel Hayes-Davis,MIL,NA,,,0.0,,,,,,549.0,27.0,,7.2,1.26,1.22,0.26,0.07,0.3,0.07,0.3,0.59,0.326,0.5,0.125,0.56,1.7,0.07,0.15,0.59,0.44,0.78,0.0,0.0,34.0,33.0,7.0,478.p.5908
550.0,PF/SF,Adou Thiero,LAL,,,,0.0,,,,,,550.0,25.0,,6.0,1.88,1.12,0.4,0.04,0.28,0.08,0.36,0.76,0.516,0.636,0.333,0.64,1.24,0.56,0.88,0.12,0.36,0.76,0.0,0.0,47.0,28.0,10.0,478.p.10488
551.0,PG/SG,Curtis Jones,CLE,,,,0.0,,,,,,551.0,10.0,,8.8,2.9,1.1,1.0,0.6,0.4,0.0,0.2,0.6,0.407,0.5,0.333,1.1,2.7,0.1,0.2,1.8,0.2,0.9,0.0,0.0,29.0,11.0,10.0,478.p.10515
552.0,PF,Enrique Freeman,MIN,,,,0.0,,,,,,552.0,4.0,,9.2,3.25,2.5,0.5,0.5,0.5,0.75,0.5,1.25,0.5,0.75,0.5,1.0,2.0,0.75,1.0,1.0,0.5,2.0,0.0,0.0,13.0,10.0,2.0,478.p.10324
553.0,SG,Keshon Gilbert,ATL,Q,,,0.0,,,,,,553.0,4.0,,18.5,4.25,1.25,3.0,0.0,0.75,1.0,2.0,1.25,0.417,1.0,0.0,1.25,3.0,1.75,1.75,0.75,0.5,0.75,0.0,0.0,17.0,5.0,12.0,478.p.10530
554.0,PG,Isaiah Stevens,CHI,NA,,,0.0,,,,,,554.0,3.0,,14.3,3.33,1.0,3.33,0.0,1.67,0.0,0.67,0.67,0.429,1.0,0.0,1.0,2.33,1.33,1.33,0.33,0.67,0.33,0.0,0.0,10.0,3.0,10.0,478.p.10383
555.0,SF/SG,Chris Mañon,LAL,,,,0.0,,,,,,555.0,9.0,,5.1,0.78,1.11,0.33,0.0,0.56,0.22,0.11,0.67,0.333,0.75,0.0,0.22,0.67,0.33,0.44,0.33,0.22,0.89,0.0,0.0,7.0,10.0,3.0,478.p.10516
556.0,C/PF,Isaac Jones,DET,,,,0.0,,,,,,556.0,7.0,,5.1,1.29,0.71,0.14,0.0,0.0,0.14,0.14,0.57,0.429,0.75,0.0,0.43,1.0,0.43,0.57,0.29,0.29,0.43,0.0,0.0,9.0,5.0,1.0,478.p.10341
557.0,C/PF,Trey Jemison III,TOR,,,,0.0,,,,,,557.0,13.0,,6.3,1.0,1.38,0.38,0.0,0.08,0.15,0.77,0.85,0.6,1.0,,0.46,0.77,0.08,0.08,0.0,0.62,0.77,0.0,0.0,13.0,18.0,5.0,478.p.10220
558.0,C,Skal Labissière,WAS,,,,0.0,,,,,,558.0,3.0,,12.7,4.33,3.0,1.0,0.33,0.67,0.33,0.33,1.0,0.6,,0.2,2.0,3.33,0.0,0.0,1.67,1.0,2.0,0.0,0.0,13.0,9.0,3.0,478.p.5659
559.0,PG/SG,Zyon Pullin,MIN,,,,0.0,,,,,,559.0,5.0,,8.6,4.6,0.6,1.8,0.2,0.2,0.0,0.6,1.2,0.692,1.0,0.333,1.8,2.6,0.8,0.8,0.6,0.2,0.4,0.0,0.0,23.0,3.0,9.0,478.p.10344
560.0,C/PF,Norchad Omier,MIN,,,,0.0,,,,,,560.0,6.0,,4.0,2.83,1.17,0.33,0.0,0.17,0.0,0.0,0.67,0.7,1.0,0.0,1.17,1.67,0.5,0.5,0.17,0.67,0.5,0.0,0.0,17.0,7.0,2.0,478.p.10526
561.0,PF/SF,Drew Peterson,CHI,,,,0.0,,,,,,561.0,6.0,,10.7,0.83,1.5,0.33,0.0,0.5,0.17,0.0,0.5,0.125,0.5,0.0,0.33,2.67,0.17,0.33,2.0,0.5,1.0,0.0,0.0,5.0,9.0,2.0,478.p.10206
562.0,C,Olivier Sarr,CLE,NA,,,0.0,,,,,,562.0,4.0,,9.8,3.5,2.75,1.25,0.5,0.5,0.75,0.5,2.25,0.714,0.4,0.667,1.25,1.75,0.5,1.25,0.75,0.5,2.25,0.0,0.0,14.0,11.0,5.0,478.p.6673
563.0,C,N'Faly Dante,NYK,NA,,,0.0,,,,,,563.0,4.0,,3.8,0.75,1.75,0.0,0.0,0.5,0.0,0.25,0.25,0.25,1.0,,0.25,1.0,0.25,0.25,0.0,0.75,1.0,0.0,0.0,3.0,7.0,0.0,478.p.10328
564.0,SF,Payton Sandfort,OKC,NA,,,0.0,,,,,,564.0,4.0,,15.8,8.75,2.5,0.0,1.75,0.25,0.0,0.25,2.0,0.5,0.5,0.412,3.25,6.5,0.5,1.0,4.25,0.25,2.25,0.0,0.0,35.0,10.0,0.0,478.p.10562
565.0,PG,Nikola Topić,OKC,Q,,1.0,0.0,,,,,,565.0,10.0,,16.0,5.2,1.9,4.4,0.6,0.5,0.0,2.5,1.3,0.431,0.4,0.4,2.2,5.1,0.2,0.5,1.5,0.7,1.2,2.0,0.0,52.0,19.0,44.0,478.p.10301
566.0,SG,John Tonje,POR,,,,0.0,,,,,,566.0,6.0,,7.0,2.5,1.0,0.33,0.5,0.33,0.0,0.0,0.83,0.286,1.0,0.3,0.67,2.33,0.67,0.67,1.67,0.0,1.0,0.0,0.0,15.0,6.0,2.0,478.p.10493
567.0,PG,Jahmir Young,MIA,NA,,,0.0,,,,,,567.0,14.0,,4.1,1.79,0.29,0.64,0.21,0.07,0.0,0.21,0.5,0.4,1.0,0.333,0.71,1.79,0.14,0.14,0.64,0.14,0.14,0.0,0.0,25.0,4.0,9.0,478.p.10402
568.0,PF,Mouhamadou Gueye,CHA,NA,,,0.0,,,,,,568.0,2.0,,22.5,8.0,3.0,3.0,0.5,1.0,0.5,1.5,2.0,0.545,0.75,0.2,3.0,5.5,1.5,2.0,2.5,1.0,2.0,0.0,0.0,16.0,6.0,6.0,478.p.6773
569.0,PF,Grant Nelson,BKN,,,,0.0,,,,,,569.0,4.0,,8.8,4.25,1.5,1.25,0.0,0.25,1.25,1.0,1.5,0.556,0.7,,1.25,2.25,1.75,2.5,0.0,0.25,1.25,0.0,0.0,17.0,6.0,5.0,478.p.10561
570.0,SG,Jaylen Martin,POR,NA,,,0.0,,,,,,570.0,,,,,,,,,,,,,,,,,,,,,,,,,,,478.p.10134
571.0,SF,Emanuel Miller,DEN,,,,0.0,,,,,,571.0,5.0,,6.6,3.0,0.6,0.8,0.4,0.4,0.0,0.0,0.4,0.462,0.5,0.333,1.2,2.6,0.2,0.4,1.2,0.2,0.4,0.0,0.0,15.0,3.0,4.0,478.p.10410
572.0,C,Vladislav Goldin,MIA,,,,0.0,,,,,,572.0,9.0,,2.7,0.78,1.0,0.33,0.0,0.0,0.33,0.33,0.56,0.75,1.0,,0.33,0.44,0.11,0.11,0.0,0.33,0.67,0.0,0.0,7.0,9.0,3.0,478.p.10505
573.0,SF,Chris Livingston,WAS,,,,0.0,,,,,,573.0,3.0,,5.7,3.0,1.0,0.33,0.0,0.33,0.0,0.0,1.33,0.571,1.0,0.0,1.33,2.33,0.33,0.33,1.0,0.0,1.0,0.0,0.0,9.0,3.0,1.0,478.p.10088
574.0,SF,Jayson Kent,POR,,,,0.0,,,,,,574.0,5.0,,4.4,2.0,1.0,0.0,0.2,0.2,0.2,0.0,0.2,0.571,1.0,0.25,0.8,1.4,0.2,0.2,0.8,0.0,1.0,0.0,0.0,10.0,5.0,0.0,478.p.10563
575.0,C,Lawson Lovering,MEM,NA,,,0.0,,,,,,575.0,2.0,,24.5,7.0,7.5,1.5,0.0,1.5,0.5,1.0,3.5,0.6,0.4,,3.0,5.0,1.0,2.5,0.0,3.0,4.5,1.0,0.0,14.0,15.0,3.0,478.p.10528
576.0,SF,Jacob Toppin,ATL,NA,,,0.0,,,,,,576.0,5.0,,3.4,1.6,0.2,0.2,0.0,0.0,0.2,0.0,0.2,0.667,,,0.8,1.2,0.0,0.0,0.0,0.0,0.2,0.0,0.0,8.0,1.0,1.0,478.p.10129
577.0,PF,Josh Oduro,NOP,NA,,,0.0,,,,,,577.0,3.0,,27.3,8.33,7.67,1.33,0.0,0.0,0.0,0.67,4.67,0.647,0.5,0.0,3.67,5.67,1.0,2.0,0.67,3.67,4.0,1.0,0.0,25.0,23.0,4.0,478.p.10425
578.0,PG/SG,Markelle Fultz,TOR,NA,,,0.0,,,,,,578.0,5.0,,7.2,0.8,0.2,1.6,0.0,0.4,0.0,0.8,0.4,0.182,,,0.4,2.2,0.0,0.0,0.0,0.0,0.2,0.0,0.0,4.0,1.0,8.0,478.p.5763
579.0,SF,Harrison Ingram,UTA,,,,0.0,,,,,,579.0,7.0,,3.7,1.57,0.43,0.14,0.14,0.0,0.0,0.14,0.29,0.833,,1.0,0.71,0.86,0.0,0.0,0.14,0.43,0.0,0.0,0.0,11.0,3.0,1.0,478.p.10336
580.0,C/PF,Dario Šarić,DET,NA,,,0.0,,,,,,580.0,5.0,,8.2,1.0,1.2,0.4,0.2,0.0,0.0,0.4,0.6,0.167,1.0,0.333,0.2,1.2,0.4,0.4,0.6,0.2,1.0,0.0,0.0,5.0,6.0,2.0,478.p.5323
581.0,PF/SF,CJ Huntley,PHX,,,,0.0,,,,,,581.0,4.0,,10.0,3.0,1.25,0.5,0.0,0.25,0.0,0.0,0.5,0.545,,0.0,1.5,2.75,0.0,0.0,0.75,0.5,0.75,0.0,0.0,12.0,5.0,2.0,478.p.10512
582.0,SG,Lester Quiñones,MIA,,,,0.0,,,,,,582.0,,,,,,,,,,,,,,,,,,,,,,,,,,,478.p.6750
583.0,SG,Hayden Gray,BOS,,,,0.0,,,,,,583.0,1.0,,25.0,6.0,0.0,1.0,0.0,1.0,1.0,1.0,0.0,0.667,1.0,0.0,2.0,3.0,2.0,2.0,1.0,0.0,0.0,0.0,0.0,6.0,0.0,1.0,478.p.10569
584.0,SF,Cole Swider,LAL,,,,0.0,,,,,,584.0,,,,,,,,,,,,,,,,,,,,,,,,,,,478.p.6799
585.0,SF,Kevin Knox II,ORL,,,,0.0,,,,,,585.0,,,,,,,,,,,,,,,,,,,,,,,,,,,478.p.6020
586.0,C,Hunter Dickinson,NOP,NA,,,0.0,,,,,,586.0,5.0,,8.4,2.4,1.0,0.4,0.0,0.2,0.4,0.6,1.2,0.357,1.0,0.0,1.0,2.8,0.4,0.4,0.8,0.4,0.6,0.0,0.0,12.0,5.0,2.0,478.p.10501
587.0,SG,Javonte Cooke,POR,NA,,,0.0,,,,,,587.0,19.0,,4.9,1.21,1.0,0.37,0.16,0.32,0.0,0.47,0.32,0.22,1.0,0.13,0.47,2.16,0.11,0.11,1.21,0.21,0.79,0.0,0.0,23.0,19.0,7.0,478.p.10161
588.0,SG,Stanley Umude,SAS,NA,,,0.0,,,,,,588.0,2.0,,3.5,1.0,0.0,0.5,0.0,0.5,0.0,0.0,1.0,0.5,,0.0,0.5,1.0,0.0,0.0,0.5,0.0,0.0,0.0,0.0,2.0,0.0,1.0,478.p.6782
589.0,PF,Toby Okani,MEM,NA,,,0.0,,,,,,589.0,6.0,,36.2,10.0,3.5,1.0,1.5,0.67,0.5,0.5,3.33,0.357,0.125,0.29,4.17,11.67,0.17,1.33,5.17,1.5,2.0,0.0,0.0,60.0,21.0,6.0,478.p.10567
590.0,PG/SG,Adam Flagler,SAC,,,,0.0,,,,,,590.0,,,,,,,,,,,,,,,,,,,,,,,,,,,478.p.10244
591.0,PF,Bobi Klintman,DET,NA,,,0.0,,,,,,591.0,12.0,,5.9,1.83,1.58,0.5,0.33,0.25,0.0,0.5,0.92,0.333,0.0,0.308,0.75,2.25,0.0,0.25,1.08,0.42,1.17,0.0,0.0,22.0,19.0,6.0,478.p.10331
592.0,C,Ömer Yurtseven,GSW,NA,,,0.0,,,,,,592.0,9.0,,11.6,3.78,3.33,0.89,0.0,0.22,0.11,1.0,1.67,0.423,0.667,0.0,1.22,2.89,1.33,2.0,0.44,1.44,1.89,0.0,0.0,34.0,30.0,8.0,478.p.6511
593.0,SF/SG,Tristen Newton,SAC,,,,0.0,,,,,,593.0,1.0,,12.0,12.0,3.0,0.0,2.0,1.0,0.0,0.0,0.0,0.444,0.667,0.4,4.0,9.0,2.0,3.0,5.0,2.0,1.0,0.0,0.0,12.0,3.0,0.0,478.p.10318
594.0,PG,Sean Pedulla,HOU,,,,0.0,,,,,,594.0,7.0,,4.4,1.86,0.43,0.71,0.43,0.0,0.0,0.14,0.57,0.333,,0.3,0.71,2.14,0.0,0.0,1.43,0.0,0.43,0.0,0.0,13.0,3.0,5.0,478.p.10560
595.0,PF/SF,Alex Antetokounmpo,MIL,NA,,,0.0,,,,,,595.0,6.0,,3.5,3.17,1.0,0.17,0.33,0.0,0.17,0.17,0.17,0.375,0.733,0.286,0.5,1.33,1.83,2.5,1.17,0.33,0.67,0.0,0.0,19.0,6.0,1.0,478.p.10160
596.0,SG,Max Shulga,BOS,NA,,,0.0,,,,,,596.0,11.0,,3.3,0.64,0.55,0.18,0.09,0.09,0.0,0.27,0.91,0.25,1.0,0.25,0.18,0.73,0.18,0.18,0.36,0.27,0.27,0.0,0.0,7.0,6.0,2.0,478.p.10483
597.0,C,James Wiseman,NYK,,,,0.0,,,,,,597.0,4.0,,14.5,3.25,2.0,0.75,0.0,0.0,0.25,1.25,2.5,0.6,0.5,,1.5,2.5,0.25,0.5,0.0,1.25,0.75,0.0,0.0,13.0,8.0,3.0,478.p.6356
598.0,PG,Mark Sears,MIL,NA,,,0.0,,,,,,598.0,7.0,,3.7,3.14,0.29,0.29,0.57,0.0,0.0,0.57,0.57,0.462,0.75,0.5,0.86,1.86,0.86,1.14,1.14,0.14,0.14,0.0,0.0,22.0,2.0,2.0,478.p.10500
599.0,SG,Trevor Keels,WAS,,,,0.0,,,,,,599.0,8.0,,1.9,1.0,0.25,0.0,0.25,0.12,0.0,0.0,0.0,0.25,,0.222,0.38,1.5,0.0,0.0,1.12,0.0,0.25,0.0,0.0,8.0,2.0,0.0,478.p.6732
600.0,SF,Trentyn Flowers,CHI,NA,,,0.0,,,,,,600.0,2.0,,3.0,2.0,0.5,0.5,0.0,0.0,0.0,0.5,0.5,0.667,,0.0,1.0,1.5,0.0,0.0,0.5,0.5,0.0,0.0,0.0,4.0,1.0,1.0,478.p.10395
601.0,SF,Buddy Boeheim,OKC,NA,,,0.0,,,,,,601.0,4.0,,3.8,1.5,0.0,0.0,0.5,0.0,0.0,0.0,0.25,0.333,,0.333,0.5,1.5,0.0,0.0,1.5,0.0,0.0,0.0,0.0,6.0,0.0,0.0,478.p.6752
602.0,SG,Alex Morales,ORL,,,,0.0,,,,,,602.0,4.0,,6.0,2.0,0.75,1.0,0.0,0.0,0.0,1.0,1.75,0.429,1.0,0.0,0.75,1.75,0.5,0.5,0.25,0.25,0.5,0.0,0.0,8.0,3.0,4.0,478.p.10169
603.0,PF,Phillip Wheeler,PHX,,,,0.0,,,,,,603.0,,,,,,,,,,,,,,,,,,,,,,,,,,,478.p.10436
604.0,PF,Noa Essengue,CHI,,,,0.0,,,,,,604.0,2.0,,3.0,0.0,0.0,0.0,0.0,0.5,0.0,0.0,0.5,0.0,,0.0,0.0,1.5,0.0,0.0,1.0,0.0,0.0,0.0,0.0,0.0,0.0,0.0,478.p.10442
605.0,PG,Braden Smith,IND,,,,0.0,,,,,,605.0,,,,,,,,,,,,,,,,,,,,,,,,,,,478.p.10624
606.0,SF,Bryce Hopkins,DEN,,,,0.0,,,,,,606.0,,,,,,,,,,,,,,,,,,,,,,,,,,,478.p.10618
607.0,PG,R.J. Davis,SAS,,,,0.0,,,,,,607.0,,,,,,,,,,,,,,,,,,,,,,,,,,,478.p.10520
608.0,SF,Alex Karaban,SAC,,,,0.0,,,,,,608.0,,,,,,,,,,,,,,,,,,,,,,,,,,,478.p.10583
609.0,SG,Fletcher Loyer,LAC,NA,,,0.0,,,,,,609.0,,,,,,,,,,,,,,,,,,,,,,,,,,,478.p.10674
610.0,PG,Quadir Copeland,HOU,,,,0.0,,,,,,610.0,,,,,,,,,,,,,,,,,,,,,,,,,,,478.p.10633
611.0,PF,Tobi Lawal,DAL,,,,0.0,,,,,,611.0,,,,,,,,,,,,,,,,,,,,,,,,,,,478.p.10601
612.0,SF,Lajae Jones,GSW,NA,,,0.0,,,,,,612.0,,,,,,,,,,,,,,,,,,,,,,,,,,,478.p.10619
613.0,PG,Ja'Kobi Gillespie,SAS,,,,0.0,,,,,,613.0,,,,,,,,,,,,,,,,,,,,,,,,,,,478.p.10603
614.0,SG,Otega Oweh,OKC,,,,0.0,,,,,,614.0,,,,,,,,,,,,,,,,,,,,,,,,,,,478.p.10611
615.0,SF,Tyler Nickel,NYK,,,,0.0,,,,,,615.0,,,,,,,,,,,,,,,,,,,,,,,,,,,478.p.10625
616.0,PF,Koa Peat,PHX,,,1.0,0.0,,,,,,616.0,,,,,,,,,,,,,,,,,,,,,,,,,,,478.p.10584
617.0,C,William Kyle,LAL,,,,0.0,,,,,,617.0,,,,,,,,,,,,,,,,,,,,,,,,,,,478.p.10675
618.0,SG,Meleek Thomas,CLE,,,1.0,0.0,,,,,,618.0,,,,,,,,,,,,,,,,,,,,,,,,,,,478.p.10617
619.0,PG,Sergio De Larrea,DAL,,,1.0,0.0,,,,,,619.0,,,,,,,,,,,,,,,,,,,,,,,,,,,478.p.10586
620.0,PF,Gabe McGlothan,BOS,,,,0.0,,,,,,620.0,,,,,,,,,,,,,,,,,,,,,,,,,,,478.p.10400
621.0,SG,Jaylin Sellers,CHI,Q,,,0.0,,,,,,621.0,,,,,,,,,,,,,,,,,,,,,,,,,,,478.p.10636
622.0,C,Jonas Aidoo,UTA,,,,0.0,,,,,,622.0,,,,,,,,,,,,,,,,,,,,,,,,,,,478.p.10672
623.0,SG,Tamar Bates,UTA,,,,0.0,,,,,,623.0,,,,,,,,,,,,,,,,,,,,,,,,,,,478.p.10509
624.0,PG,Chance McMillian,GSW,NA,,,0.0,,,,,,624.0,,,,,,,,,,,,,,,,,,,,,,,,,,,478.p.10654
625.0,PG,Kylan Boswell,CHA,Q,,,0.0,,,,,,625.0,,,,,,,,,,,,,,,,,,,,,,,,,,,478.p.10641
626.0,PG,Jack Kayil,NYK,NA,,,0.0,,,,,,626.0,,,,,,,,,,,,,,,,,,,,,,,,,,,478.p.10606
627.0,PF,AK Okereke,LAL,,,,0.0,,,,,,627.0,,,,,,,,,,,,,,,,,,,,,,,,,,,478.p.10620
628.0,PF,Taylor Funk,UTA,,,,0.0,,,,,,628.0,,,,,,,,,,,,,,,,,,,,,,,,,,,478.p.10197
629.0,C,Henri Veesaar,ATL,O,,,0.0,,,,,,629.0,,,,,,,,,,,,,,,,,,,,,,,,,,,478.p.10626
630.0,C,Malik Williams,SAS,Q,,,0.0,,,,,,630.0,,,,,,,,,,,,,,,,,,,,,,,,,,,478.p.10268
631.0,SG,Josh Dix,OKC,,,,0.0,,,,,,631.0,,,,,,,,,,,,,,,,,,,,,,,,,,,478.p.10616
632.0,PF,Tobe Awaka,CHI,,,,0.0,,,,,,632.0,,,,,,,,,,,,,,,,,,,,,,,,,,,478.p.10635
633.0,SG,Zack Austin,CLE,,,,0.0,,,,,,633.0,,,,,,,,,,,,,,,,,,,,,,,,,,,478.p.10538
634.0,SG,Zhaire Smith,OKC,,,,0.0,,,,,,634.0,,,,,,,,,,,,,,,,,,,,,,,,,,,478.p.6027
635.0,SG,Sean McNeil,CLE,NA,,,0.0,,,,,,635.0,,,,,,,,,,,,,,,,,,,,,,,,,,,478.p.10656
636.0,SF,Steve Settle III,WAS,,,,0.0,,,,,,636.0,,,,,,,,,,,,,,,,,,,,,,,,,,,478.p.10555
637.0,PG,Boopie Miller,DEN,NA,,,0.0,,,,,,637.0,,,,,,,,,,,,,,,,,,,,,,,,,,,478.p.10663
638.0,PG,Jaden Bradley,TOR,,,,0.0,,,,,,638.0,,,,,,,,,,,,,,,,,,,,,,,,,,,478.p.10621
639.0,PG,Terrell Brown Jr.,UTA,NA,,,0.0,,,,,,639.0,,,,,,,,,,,,,,,,,,,,,,,,,,,478.p.10645
640.0,PG,Deivon Smith,GSW,NA,,,0.0,,,,,,640.0,,,,,,,,,,,,,,,,,,,,,,,,,,,478.p.10552
641.0,C,Jake Stephens,MIL,,,,0.0,,,,,,641.0,,,,,,,,,,,,,,,,,,,,,,,,,,,478.p.10251
642.0,PF,Malik Dia,NOP,,,,0.0,,,,,,642.0,,,,,,,,,,,,,,,,,,,,,,,,,,,478.p.10648
643.0,PG,Bruce Thornton,HOU,,,,0.0,,,,,,643.0,,,,,,,,,,,,,,,,,,,,,,,,,,,478.p.10602
644.0,PG,Ebuka Okorie,DET,,,1.0,0.0,,,,,,644.0,,,,,,,,,,,,,,,,,,,,,,,,,,,478.p.10578
645.0,SG,Vsevolod Ishchenko,DAL,NA,,,0.0,,,,,,645.0,,,,,,,,,,,,,,,,,,,,,,,,,,,478.p.10627
646.0,SF,Igor Milicic Jr.,NYK,NA,,,0.0,,,,,,646.0,,,,,,,,,,,,,,,,,,,,,,,,,,,478.p.10537
647.0,PF,Izaiyah Nelson,ORL,O,,,0.0,,,,,,647.0,,,,,,,,,,,,,,,,,,,,,,,,,,,478.p.10609
648.0,C,Thomas Sorber,OKC,Q,,1.0,0.0,,,,,,648.0,,,,,,,,,,,,,,,,,,,,,,,,,,,478.p.10463
649.0,PF,Graham Ike,GSW,,,,0.0,,,,,,649.0,,,,,,,,,,,,,,,,,,,,,,,,,,,478.p.10659
650.0,SF,Nick Martinelli,LAC,,,,0.0,,,,,,650.0,,,,,,,,,,,,,,,,,,,,,,,,,,,478.p.10604
651.0,SG,Justin Harmon,UTA,NA,,,0.0,,,,,,651.0,,,,,,,,,,,,,,,,,,,,,,,,,,,478.p.10665
652.0,SG,Dane Goodwin,DEN,,,,0.0,,,,,,652.0,,,,,,,,,,,,,,,,,,,,,,,,,,,478.p.10250
653.0,PF,Ben Humrichous,BKN,,,,0.0,,,,,,653.0,,,,,,,,,,,,,,,,,,,,,,,,,,,478.p.10690
654.0,PF/SF,Mario Hezonja,CLE,,,,0.0,,,,,,654.0,,,,,,,,,,,,,,,,,,,,,,,,,,,478.p.5465
655.0,SG,Ryan Conwell,MIA,,,,0.0,,,,,,655.0,,,,,,,,,,,,,,,,,,,,,,,,,,,478.p.10622
656.0,SG,Jaden Akins,NYK,,,,0.0,,,,,,656.0,,,,,,,,,,,,,,,,,,,,,,,,,,,478.p.10676
657.0,PF,Tucker DeVries,BOS,,,,0.0,,,,,,657.0,,,,,,,,,,,,,,,,,,,,,,,,,,,478.p.10688
658.0,C,Carson Cooper,MEM,,,,0.0,,,,,,658.0,,,,,,,,,,,,,,,,,,,,,,,,,,,478.p.10638
659.0,SF,Seth Lundy,DAL,,,,0.0,,,,,,659.0,,,,,,,,,,,,,,,,,,,,,,,,,,,478.p.10073
660.0,PF,Malique Lewis,MIL,NA,,,0.0,,,,,,660.0,,,,,,,,,,,,,,,,,,,,,,,,,,,478.p.10614
661.0,PF,Andrew Holifield,OKC,,,,0.0,,,,,,661.0,,,,,,,,,,,,,,,,,,,,,,,,,,,478.p.10683
662.0,SG,Brice Williams,DET,,,,0.0,,,,,,662.0,,,,,,,,,,,,,,,,,,,,,,,,,,,478.p.10543
663.0,C,Ibrahima Diallo,UTA,NA,,,0.0,,,,,,663.0,,,,,,,,,,,,,,,,,,,,,,,,,,,478.p.10666
664.0,SF,Dillon Mitchell,BOS,,,,0.0,,,,,,664.0,,,,,,,,,,,,,,,,,,,,,,,,,,,478.p.10615
665.0,C,Tarris Reed Jr.,SAS,,,1.0,0.0,,,,,,665.0,,,,,,,,,,,,,,,,,,,,,,,,,,,478.p.10593
666.0,SG,Cameron Carr,LAL,Q,,2.0,0.0,,,,,,666.0,,,,,,,,,,,,,,,,,,,,,,,,,,,478.p.10597
667.0,SF,Tarik Biberovic,DAL,,,,0.0,,,,,,667.0,,,,,,,,,,,,,,,,,,,,,,,,,,,478.p.10085
668.0,C,Ernest Udeh Jr.,CLE,,,,0.0,,,,,,668.0,,,,,,,,,,,,,,,,,,,,,,,,,,,478.p.10639
669.0,PF,Hannes Steinbach,CHA,,,6.0,0.0,,,,,,669.0,,,,,,,,,,,,,,,,,,,,,,,,,,,478.p.10577
670.0,PF,Michael Ajayi,CHA,,,,0.0,,,,,,670.0,,,,,,,,,,,,,,,,,,,,,,,,,,,478.p.10640
671.0,C,Nate Bittle,TOR,,,,0.0,,,,,,671.0,,,,,,,,,,,,,,,,,,,,,,,,,,,478.p.10677
672.0,C,Rafael Castro,HOU,NA,,,0.0,,,,,,672.0,,,,,,,,,,,,,,,,,,,,,,,,,,,478.p.10637
673.0,PF,Wyatt Fricks,CHA,,,,0.0,,,,,,673.0,,,,,,,,,,,,,,,,,,,,,,,,,,,478.p.10689
674.0,SG,Richie Saunders,MEM,O,,,0.0,,,,,,674.0,,,,,,,,,,,,,,,,,,,,,,,,,,,478.p.10628
675.0,PF,Alex Toohey,GSW,,,,0.0,,,,,,675.0,,,,,,,,,,,,,,,,,,,,,,,,,,,478.p.10484
676.0,PF,Chris Cenac Jr.,BOS,,,1.0,0.0,,,,,,676.0,,,,,,,,,,,,,,,,,,,,,,,,,,,478.p.10589
677.0,PG,Jarkel Joiner,CHA,,,,0.0,,,,,,677.0,,,,,,,,,,,,,,,,,,,,,,,,,,,478.p.10207
678.0,PG,Bennett Stirtz,OKC,,,1.0,0.0,,,,,,678.0,,,,,,,,,,,,,,,,,,,,,,,,,,,478.p.10573
679.0,PF,Trevon Brazile,DEN,,,,0.0,,,,,,679.0,,,,,,,,,,,,,,,,,,,,,,,,,,,478.p.10607
680.0,SG,Kobe Stewart,CHA,NA,,,0.0,,,,,,680.0,,,,,,,,,,,,,,,,,,,,,,,,,,,478.p.10646
681.0,PF,Jayden Quaintance,SAS,O,,2.0,0.0,,,,,,681.0,,,,,,,,,,,,,,,,,,,,,,,,,,,478.p.10594
682.0,SF,Tyrone Marshall Jr.,SAC,NA,,,0.0,,,,,,682.0,,,,,,,,,,,,,,,,,,,,,,,,,,,478.p.10668
683.0,PF,Rashaun Agee,CLE,,,,0.0,,,,,,683.0,,,,,,,,,,,,,,,,,,,,,,,,,,,478.p.10667
684.0,SF,John Ukomadu,DET,,,,0.0,,,,,,684.0,,,,,,,,,,,,,,,,,,,,,,,,,,,478.p.10685
685.0,PG,Tyreke Key,TOR,,,,0.0,,,,,,685.0,,,,,,,,,,,,,,,,,,,,,,,,,,,478.p.10568
686.0,SG,Robert McCray V,OKC,NA,,,0.0,,,,,,686.0,,,,,,,,,,,,,,,,,,,,,,,,,,,478.p.10682
687.0,PF,Coleman Hawkins,DEN,,,,0.0,,,,,,687.0,,,,,,,,,,,,,,,,,,,,,,,,,,,478.p.10681
688.0,PG,Jon Elmore,SAS,,,,0.0,,,,,,688.0,,,,,,,,,,,,,,,,,,,,,,,,,,,478.p.6817
689.0,PG,Labaron Philon,PHI,,,1.0,0.0,,,,,,689.0,,,,,,,,,,,,,,,,,,,,,,,,,,,478.p.10598
690.0,SG,Jayden Nunn,SAS,NA,,,0.0,,,,,,690.0,,,,,,,,,,,,,,,,,,,,,,,,,,,478.p.10658
691.0,PG,Anthony Pritchard,OKC,,,,0.0,,,,,,691.0,,,,,,,,,,,,,,,,,,,,,,,,,,,478.p.10695
692.0,SG,Emanuel Sharp,SAC,,,,0.0,,,,,,692.0,,,,,,,,,,,,,,,,,,,,,,,,,,,478.p.10632
693.0,SF,J'Vonne Hadley,MIA,,,,0.0,,,,,,693.0,,,,,,,,,,,,,,,,,,,,,,,,,,,478.p.10678
694.0,PG,Jaelen House,UTA,NA,,,0.0,,,,,,694.0,,,,,,,,,,,,,,,,,,,,,,,,,,,478.p.10671
695.0,PG,Tre Donaldson,MIA,,,,0.0,,,,,,695.0,,,,,,,,,,,,,,,,,,,,,,,,,,,478.p.10600
696.0,PF,Trey Kaufman-Renn,MIN,NA,,,0.0,,,,,,696.0,,,,,,,,,,,,,,,,,,,,,,,,,,,478.p.10629
697.0,C,John Butler Jr.,MIL,NA,,,0.0,,,,,,697.0,,,,,,,,,,,,,,,,,,,,,,,,,,,478.p.6784
698.0,PG,Christian Anderson,CHA,Q,,1.0,0.0,,,,,,698.0,,,,,,,,,,,,,,,,,,,,,,,,,,,478.p.10575
699.0,PF,Dain Dainja,BKN,,,,0.0,,,,,,699.0,,,,,,,,,,,,,,,,,,,,,,,,,,,478.p.10545
700.0,PF,Joshua Jefferson,BKN,Q,,,0.0,,,,,,700.0,,,,,,,,,,,,,,,,,,,,,,,,,,,478.p.10587
701.0,C,Ugonna Onyenso,DET,,,,0.0,,,,,,701.0,,,,,,,,,,,,,,,,,,,,,,,,,,,478.p.10610
702.0,PF,Trey Townsend,CHA,NA,,,0.0,,,,,,702.0,,,,,,,,,,,,,,,,,,,,,,,,,,,478.p.10649
703.0,PG,Milos Uzan,BOS,,,,0.0,,,,,,703.0,,,,,,,,,,,,,,,,,,,,,,,,,,,478.p.10692
704.0,PF,Arthur Kaluma,LAL,Q,,,0.0,,,,,,704.0,,,,,,,,,,,,,,,,,,,,,,,,,,,478.p.10519
705.0,C,Rienk Mast,IND,,,,0.0,,,,,,705.0,,,,,,,,,,,,,,,,,,,,,,,,,,,478.p.10686
706.0,C,Christoph Tilly,OKC,,,,0.0,,,,,,706.0,,,,,,,,,,,,,,,,,,,,,,,,,,,478.p.10684
707.0,C,Khalifa Diop,CLE,Q,,,0.0,,,,,,707.0,,,,,,,,,,,,,,,,,,,,,,,,,,,478.p.6729
708.0,SG,Jaron Pierre Jr.,NOP,,,,0.0,,,,,,708.0,,,,,,,,,,,,,,,,,,,,,,,,,,,478.p.10613
709.0,SG,Isaiah Evans,MIN,,,,0.0,,,,,,709.0,,,,,,,,,,,,,,,,,,,,,,,,,,,478.p.10631
710.0,SG,Nimari Burnett,TOR,,,,0.0,,,,,,710.0,,,,,,,,,,,,,,,,,,,,,,,,,,,478.p.10669
711.0,PF,Ian Schieffelin,MIA,,,,0.0,,,,,,711.0,,,,,,,,,,,,,,,,,,,,,,,,,,,478.p.10670
712.0,SF,Karim Lopez,MEM,,,1.0,0.0,,,,,,712.0,,,,,,,,,,,,,,,,,,,,,,,,,,,478.p.10591
713.0,SF,Nate Ament,MIL,Q,,2.0,0.0,,,,,,713.0,,,,,,,,,,,,,,,,,,,,,,,,,,,478.p.10581
714.0,SG,Peter Suder,CHI,NA,,,0.0,,,,,,714.0,,,,,,,,,,,,,,,,,,,,,,,,,,,478.p.10634
715.0,SF,Dailyn Swain,CHI,,,2.0,0.0,,,,,,715.0,,,,,,,,,,,,,,,,,,,,,,,,,,,478.p.10580
716.0,PF,Tyler Bilodeau,BKN,,,,0.0,,,,,,716.0,,,,,,,,,,,,,,,,,,,,,,,,,,,478.p.10605
717.0,C,Jamarion Sharp,LAC,NA,,,0.0,,,,,,717.0,,,,,,,,,,,,,,,,,,,,,,,,,,,478.p.10394
718.0,PF,Bogoljub Marković,MIL,,,,0.0,,,,,,718.0,,,,,,,,,,,,,,,,,,,,,,,,,,,478.p.10477
719.0,PF,Marquel Sutton,CHI,NA,,,0.0,,,,,,719.0,,,,,,,,,,,,,,,,,,,,,,,,,,,478.p.10673
720.0,SF,Alpha Diallo,DEN,,,,0.0,,,,,,720.0,,,,,,,,,,,,,,,,,,,,,,,,,,,478.p.10644
721.0,C,Felix Okpara,WAS,,,,0.0,,,,,,721.0,,,,,,,,,,,,,,,,,,,,,,,,,,,478.p.10608
722.0,PF,Maliq Brown,SAS,Q,,,0.0,,,,,,722.0,,,,,,,,,,,,,,,,,,,,,,,,,,,478.p.10612
723.0,PF,Baba Miller,LAC,,,,0.0,,,,,,723.0,,,,,,,,,,,,,,,,,,,,,,,,,,,478.p.10623
724.0,PF,Zuby Ejiofor,ATL,,,1.0,0.0,,,,,,724.0,,,,,,,,,,,,,,,,,,,,,,,,,,,478.p.10596
725.0,C,Keba Keita,IND,,,,0.0,,,,,,725.0,,,,,,,,,,,,,,,,,,,,,,,,,,,478.p.10687
726.0,PF,James Johnson,IND,,,,0.0,,,,,,726.0,,,,,,,,,,,,,,,,,,,,,,,,,,,478.p.4621
727.0,SG,Darius Brown,CLE,NA,,,0.0,,,,,,727.0,1.0,,3.0,0.0,1.0,0.0,0.0,0.0,0.0,0.0,0.0,0.0,,,0.0,1.0,0.0,0.0,0.0,0.0,1.0,0.0,0.0,0.0,1.0,0.0,478.p.10556
728.0,SF,Jalen Bridges,CHI,,,,0.0,,,,,,728.0,,,,,,,,,,,,,,,,,,,,,,,,,,,478.p.10309
729.0,PG,Chucky Hepburn,TOR,,,,0.0,,,,,,729.0,2.0,,6.5,0.0,0.5,1.0,0.0,0.5,0.0,0.5,1.0,0.0,,0.0,0.0,3.0,0.0,0.0,2.5,0.0,0.5,0.0,0.0,0.0,1.0,2.0,478.p.10506
730.0,C,Liam Robbins,NYK,NA,,,0.0,,,,,,730.0,,,,,,,,,,,,,,,,,,,,,,,,,,,478.p.10227
731.0,PG/SG,Hunter Sallis,PHI,NA,,,0.0,,,,,,731.0,7.0,,3.7,1.0,0.14,0.57,0.0,0.0,0.14,0.71,0.29,0.6,0.5,,0.43,0.71,0.14,0.29,0.0,0.0,0.14,0.0,0.0,7.0,1.0,4.0,478.p.10499
732.0,C,Johni Broome,MIL,,,1.0,0.0,,,,,,732.0,11.0,,5.0,0.91,1.45,0.36,0.0,0.27,0.18,0.27,0.64,0.167,0.333,0.0,0.36,2.18,0.18,0.55,0.45,0.64,0.82,0.0,0.0,10.0,16.0,4.0,478.p.10474
733.0,SF,Jahmyl Telfort,LAC,NA,,1.0,0.0,,,,,,733.0,8.0,,4.0,0.12,0.38,0.12,0.0,0.12,0.0,0.12,0.62,0.0,0.25,0.0,0.0,0.5,0.12,0.5,0.5,0.0,0.38,0.0,0.0,1.0,3.0,1.0,478.p.10533
